date,year,home_team,away_team,home_score,away_score,goal_diff,home_win_rate,away_win_rate,win_rate_diff,neutral,result
1930-07-13,1930,Belgium,United States,0,3,-3,0.404,0.263,0.14100000000000001,1,L
1930-07-13,1930,France,Mexico,4,1,3,0.534,0.295,0.23900000000000005,1,W
1930-07-14,1930,Brazil,Yugoslavia,1,2,-1,0.661,0.424,0.23700000000000004,1,L
1930-07-14,1930,Peru,Romania,1,3,-2,0.278,0.381,-0.10299999999999998,1,L
1930-07-15,1930,Argentina,France,1,0,1,0.534,0.534,0.0,1,W
1930-07-16,1930,Chile,Mexico,3,0,3,0.333,0.295,0.038000000000000034,1,W
1930-07-17,1930,Bolivia,Yugoslavia,0,4,-4,0.0,0.424,-0.424,1,L
1930-07-17,1930,Paraguay,United States,0,3,-3,0.25,0.263,-0.013000000000000012,1,L
1930-07-18,1930,Uruguay,Peru,1,0,1,0.417,0.278,0.13899999999999996,0,W
1930-07-19,1930,Argentina,Mexico,6,3,3,0.534,0.295,0.23900000000000005,1,W
1930-07-19,1930,Chile,France,1,0,1,0.333,0.534,-0.201,1,W
1930-07-20,1930,Belgium,Paraguay,0,1,-1,0.404,0.25,0.15400000000000003,1,L
1930-07-20,1930,Bolivia,Brazil,0,4,-4,0.0,0.661,-0.661,1,L
1930-07-21,1930,Uruguay,Romania,4,0,4,0.417,0.381,0.035999999999999976,0,W
1930-07-22,1930,Argentina,Chile,3,1,2,0.534,0.333,0.201,1,W
1930-07-26,1930,Argentina,United States,6,1,5,0.534,0.263,0.271,1,W
1930-07-27,1930,Uruguay,Yugoslavia,6,1,5,0.417,0.424,-0.007000000000000006,0,W
1930-07-30,1930,Uruguay,Argentina,4,2,2,0.417,0.534,-0.11700000000000005,0,W
1934-05-27,1934,Argentina,Sweden,2,3,-1,0.534,0.385,0.14900000000000002,1,L
1934-05-27,1934,Austria,France,3,2,1,0.414,0.534,-0.12000000000000005,1,W
1934-05-27,1934,Belgium,Germany,2,5,-3,0.404,0.611,-0.20699999999999996,1,L
1934-05-27,1934,Brazil,Spain,1,3,-2,0.661,0.456,0.20500000000000002,1,L
1934-05-27,1934,Czechoslovakia,Romania,2,1,1,0.367,0.381,-0.014000000000000012,1,W
1934-05-27,1934,Egypt,Hungary,2,4,-2,0.0,0.469,-0.469,1,L
1934-05-27,1934,Italy,United States,7,1,6,0.542,0.263,0.279,0,W
1934-05-27,1934,Netherlands,Switzerland,2,3,-1,0.536,0.333,0.203,1,L
1934-05-31,1934,Austria,Hungary,2,1,1,0.414,0.469,-0.05499999999999999,1,W
1934-05-31,1934,Czechoslovakia,Switzerland,3,2,1,0.367,0.333,0.033999999999999975,1,W
1934-05-31,1934,Germany,Sweden,2,1,1,0.611,0.385,0.22599999999999998,1,W
1934-05-31,1934,Italy,Spain,1,1,0,0.542,0.456,0.08600000000000002,0,D
1934-06-01,1934,Italy,Spain,1,0,1,0.542,0.456,0.08600000000000002,0,W
1934-06-03,1934,Czechoslovakia,Germany,3,1,2,0.367,0.611,-0.244,1,W
1934-06-03,1934,Italy,Austria,1,0,1,0.542,0.414,0.12800000000000006,0,W
1934-06-07,1934,Austria,Germany,2,3,-1,0.414,0.611,-0.197,1,L
1934-06-10,1934,Italy,Czechoslovakia,2,1,1,0.542,0.367,0.17500000000000004,0,W
1938-06-04,1938,Germany,Switzerland,1,1,0,0.611,0.333,0.27799999999999997,1,D
1938-06-05,1938,Brazil,Poland,6,5,1,0.661,0.447,0.21400000000000002,1,W
1938-06-05,1938,Cuba,Romania,3,3,0,0.333,0.381,-0.04799999999999999,1,D
1938-06-05,1938,Czechoslovakia,Netherlands,3,0,3,0.367,0.536,-0.16900000000000004,1,W
1938-06-05,1938,France,Belgium,3,1,2,0.534,0.404,0.13,0,W
1938-06-05,1938,Hungary,Indonesia,6,0,6,0.469,0.0,0.469,1,W
1938-06-05,1938,Italy,Norway,2,1,1,0.542,0.25,0.29200000000000004,1,W
1938-06-09,1938,Cuba,Romania,2,1,1,0.333,0.381,-0.04799999999999999,1,W
1938-06-09,1938,Germany,Switzerland,2,4,-2,0.611,0.333,0.27799999999999997,1,L
1938-06-12,1938,Brazil,Czechoslovakia,1,1,0,0.661,0.367,0.29400000000000004,1,D
1938-06-12,1938,Cuba,Sweden,0,8,-8,0.333,0.385,-0.05199999999999999,1,L
1938-06-12,1938,France,Italy,1,3,-2,0.534,0.542,-0.008000000000000007,0,L
1938-06-12,1938,Hungary,Switzerland,2,0,2,0.469,0.333,0.13599999999999995,1,W
1938-06-14,1938,Brazil,Czechoslovakia,2,1,1,0.661,0.367,0.29400000000000004,1,W
1938-06-16,1938,Brazil,Italy,1,2,-1,0.661,0.542,0.119,1,L
1938-06-16,1938,Hungary,Sweden,5,1,4,0.469,0.385,0.08399999999999996,1,W
1938-06-19,1938,Brazil,Sweden,4,2,2,0.661,0.385,0.276,1,W
1938-06-19,1938,Hungary,Italy,2,4,-2,0.469,0.542,-0.07300000000000006,1,L
1950-06-24,1950,Brazil,Mexico,4,0,4,0.661,0.295,0.36600000000000005,0,W
1950-06-25,1950,Chile,England,0,2,-2,0.333,0.432,-0.09899999999999998,1,L
1950-06-25,1950,Italy,Sweden,2,3,-1,0.542,0.385,0.15700000000000003,1,L
1950-06-25,1950,Spain,United States,3,1,2,0.456,0.263,0.193,1,W
1950-06-25,1950,Switzerland,Yugoslavia,0,3,-3,0.333,0.424,-0.09099999999999997,1,L
1950-06-28,1950,Brazil,Switzerland,2,2,0,0.661,0.333,0.328,0,D
1950-06-28,1950,Mexico,Yugoslavia,1,4,-3,0.295,0.424,-0.129,1,L
1950-06-29,1950,Chile,Spain,0,2,-2,0.333,0.456,-0.123,1,L
1950-06-29,1950,England,United States,0,1,-1,0.432,0.263,0.16899999999999998,1,L
1950-06-29,1950,Paraguay,Sweden,2,2,0,0.25,0.385,-0.135,1,D
1950-07-01,1950,Brazil,Yugoslavia,2,0,2,0.661,0.424,0.23700000000000004,0,W
1950-07-02,1950,Bolivia,Uruguay,0,8,-8,0.0,0.417,-0.417,1,L
1950-07-02,1950,Chile,United States,5,2,3,0.333,0.263,0.07,1,W
1950-07-02,1950,England,Spain,0,1,-1,0.432,0.456,-0.02400000000000002,1,L
1950-07-02,1950,Italy,Paraguay,2,0,2,0.542,0.25,0.29200000000000004,1,W
1950-07-02,1950,Mexico,Switzerland,1,2,-1,0.295,0.333,-0.038000000000000034,1,L
1950-07-09,1950,Brazil,Sweden,7,1,6,0.661,0.385,0.276,0,W
1950-07-09,1950,Spain,Uruguay,2,2,0,0.456,0.417,0.039000000000000035,1,D
1950-07-13,1950,Brazil,Spain,6,1,5,0.661,0.456,0.20500000000000002,0,W
1950-07-13,1950,Sweden,Uruguay,2,3,-1,0.385,0.417,-0.03199999999999997,1,L
1950-07-16,1950,Brazil,Uruguay,1,2,-1,0.661,0.417,0.24400000000000005,0,L
1950-07-16,1950,Spain,Sweden,1,3,-2,0.456,0.385,0.07100000000000001,1,L
1954-06-16,1954,Austria,Scotland,1,0,1,0.414,0.208,0.206,1,W
1954-06-16,1954,Brazil,Mexico,5,0,5,0.661,0.295,0.36600000000000005,1,W
1954-06-16,1954,Czechoslovakia,Uruguay,0,2,-2,0.367,0.417,-0.04999999999999999,1,L
1954-06-16,1954,France,Yugoslavia,0,1,-1,0.534,0.424,0.11000000000000004,1,L
1954-06-17,1954,Belgium,England,4,4,0,0.404,0.432,-0.02799999999999997,1,D
1954-06-17,1954,Germany,Turkey,4,1,3,0.611,0.455,0.15599999999999997,1,W
1954-06-17,1954,Hungary,South Korea,9,0,9,0.469,0.205,0.264,1,W
1954-06-17,1954,Switzerland,Italy,2,1,1,0.333,0.542,-0.20900000000000002,0,W
1954-06-19,1954,Austria,Czechoslovakia,5,0,5,0.414,0.367,0.046999999999999986,1,W
1954-06-19,1954,Brazil,Yugoslavia,1,1,0,0.661,0.424,0.23700000000000004,1,D
1954-06-19,1954,France,Mexico,3,2,1,0.534,0.295,0.23900000000000005,1,W
1954-06-19,1954,Scotland,Uruguay,0,7,-7,0.208,0.417,-0.209,1,L
1954-06-20,1954,Belgium,Italy,1,4,-3,0.404,0.542,-0.138,1,L
1954-06-20,1954,Germany,Hungary,3,8,-5,0.611,0.469,0.14200000000000002,1,L
1954-06-20,1954,South Korea,Turkey,0,7,-7,0.205,0.455,-0.25,1,L
1954-06-20,1954,Switzerland,England,0,2,-2,0.333,0.432,-0.09899999999999998,0,L
1954-06-23,1954,Germany,Turkey,7,2,5,0.611,0.455,0.15599999999999997,1,W
1954-06-23,1954,Switzerland,Italy,4,1,3,0.333,0.542,-0.20900000000000002,0,W
1954-06-26,1954,England,Uruguay,2,4,-2,0.432,0.417,0.015000000000000013,1,L
1954-06-26,1954,Switzerland,Austria,5,7,-2,0.333,0.414,-0.08099999999999996,0,L
1954-06-27,1954,Brazil,Hungary,2,4,-2,0.661,0.469,0.19200000000000006,1,L
1954-06-27,1954,Germany,Yugoslavia,2,0,2,0.611,0.424,0.187,1,W
1954-06-30,1954,Austria,Germany,1,6,-5,0.414,0.611,-0.197,1,L
1954-06-30,1954,Hungary,Uruguay,4,2,2,0.469,0.417,0.05199999999999999,1,W
1954-07-03,1954,Austria,Uruguay,3,1,2,0.414,0.417,-0.0030000000000000027,1,W
1954-07-04,1954,Germany,Hungary,3,2,1,0.611,0.469,0.14200000000000002,1,W
1958-06-08,1958,Argentina,Germany,1,3,-2,0.534,0.611,-0.07699999999999996,1,L
1958-06-08,1958,Austria,Brazil,0,3,-3,0.414,0.661,-0.24700000000000005,1,L
1958-06-08,1958,Czechoslovakia,Northern Ireland,0,1,-1,0.367,0.231,0.13599999999999998,1,L
1958-06-08,1958,England,Russia,2,2,0,0.432,0.422,0.010000000000000009,1,D
1958-06-08,1958,France,Paraguay,7,3,4,0.534,0.25,0.28400000000000003,1,W
1958-06-08,1958,Hungary,Wales,1,1,0,0.469,0.125,0.344,1,D
1958-06-08,1958,Scotland,Yugoslavia,1,1,0,0.208,0.424,-0.216,1,D
1958-06-08,1958,Sweden,Mexico,3,0,3,0.385,0.295,0.09000000000000002,0,W
1958-06-11,1958,Argentina,Northern Ireland,3,1,2,0.534,0.231,0.30300000000000005,1,W
1958-06-11,1958,Austria,Russia,0,2,-2,0.414,0.422,-0.008000000000000007,1,L
1958-06-11,1958,Brazil,England,0,0,0,0.661,0.432,0.22900000000000004,1,D
1958-06-11,1958,Czechoslovakia,Germany,2,2,0,0.367,0.611,-0.244,1,D
1958-06-11,1958,France,Yugoslavia,2,3,-1,0.534,0.424,0.11000000000000004,1,L
1958-06-11,1958,Mexico,Wales,1,1,0,0.295,0.125,0.16999999999999998,1,D
1958-06-11,1958,Paraguay,Scotland,3,2,1,0.25,0.208,0.04200000000000001,1,W
1958-06-12,1958,Sweden,Hungary,2,1,1,0.385,0.469,-0.08399999999999996,0,W
1958-06-15,1958,Argentina,Czechoslovakia,1,6,-5,0.534,0.367,0.16700000000000004,1,L
1958-06-15,1958,Austria,England,2,2,0,0.414,0.432,-0.018000000000000016,1,D
1958-06-15,1958,Brazil,Russia,2,0,2,0.661,0.422,0.23900000000000005,1,W
1958-06-15,1958,France,Scotland,2,1,1,0.534,0.208,0.32600000000000007,1,W
1958-06-15,1958,Germany,Northern Ireland,2,2,0,0.611,0.231,0.38,1,D
1958-06-15,1958,Hungary,Mexico,4,0,4,0.469,0.295,0.174,1,W
1958-06-15,1958,Paraguay,Yugoslavia,3,3,0,0.25,0.424,-0.174,1,D
1958-06-15,1958,Sweden,Wales,0,0,0,0.385,0.125,0.26,0,D
1958-06-17,1958,Czechoslovakia,Northern Ireland,1,2,-1,0.367,0.231,0.13599999999999998,1,L
1958-06-17,1958,England,Russia,0,1,-1,0.432,0.422,0.010000000000000009,1,L
1958-06-17,1958,Hungary,Wales,1,2,-1,0.469,0.125,0.344,1,L
1958-06-19,1958,Brazil,Wales,1,0,1,0.661,0.125,0.536,1,W
1958-06-19,1958,France,Northern Ireland,4,0,4,0.534,0.231,0.30300000000000005,1,W
1958-06-19,1958,Germany,Yugoslavia,1,0,1,0.611,0.424,0.187,1,W
1958-06-19,1958,Sweden,Russia,2,0,2,0.385,0.422,-0.03699999999999998,0,W
1958-06-24,1958,Brazil,France,5,2,3,0.661,0.534,0.127,1,W
1958-06-24,1958,Sweden,Germany,3,1,2,0.385,0.611,-0.22599999999999998,0,W
1958-06-28,1958,France,Germany,6,3,3,0.534,0.611,-0.07699999999999996,1,W
1958-06-29,1958,Sweden,Brazil,2,5,-3,0.385,0.661,-0.276,0,L
1962-05-30,1962,Argentina,Bulgaria,1,0,1,0.534,0.115,0.41900000000000004,1,W
1962-05-30,1962,Brazil,Mexico,2,0,2,0.661,0.295,0.36600000000000005,1,W
1962-05-30,1962,Chile,Switzerland,3,1,2,0.333,0.333,0.0,0,W
1962-05-30,1962,Colombia,Uruguay,1,2,-1,0.409,0.417,-0.008000000000000007,1,L
1962-05-31,1962,Czechoslovakia,Spain,1,0,1,0.367,0.456,-0.08900000000000002,1,W
1962-05-31,1962,England,Hungary,1,2,-1,0.432,0.469,-0.03699999999999998,1,L
1962-05-31,1962,Germany,Italy,0,0,0,0.611,0.542,0.06899999999999995,1,D
1962-05-31,1962,Russia,Yugoslavia,2,0,2,0.422,0.424,-0.0020000000000000018,1,W
1962-06-02,1962,Argentina,England,1,3,-2,0.534,0.432,0.10200000000000004,1,L
1962-06-02,1962,Brazil,Czechoslovakia,0,0,0,0.661,0.367,0.29400000000000004,1,D
1962-06-02,1962,Chile,Italy,2,0,2,0.333,0.542,-0.20900000000000002,0,W
1962-06-02,1962,Uruguay,Yugoslavia,1,3,-2,0.417,0.424,-0.007000000000000006,1,L
1962-06-03,1962,Bulgaria,Hungary,1,6,-5,0.115,0.469,-0.354,1,L
1962-06-03,1962,Colombia,Russia,4,4,0,0.409,0.422,-0.013000000000000012,1,D
1962-06-03,1962,Germany,Switzerland,2,1,1,0.611,0.333,0.27799999999999997,1,W
1962-06-03,1962,Mexico,Spain,0,1,-1,0.295,0.456,-0.16100000000000003,1,L
1962-06-06,1962,Argentina,Hungary,0,0,0,0.534,0.469,0.06500000000000006,1,D
1962-06-06,1962,Brazil,Spain,2,1,1,0.661,0.456,0.20500000000000002,1,W
1962-06-06,1962,Chile,Germany,0,2,-2,0.333,0.611,-0.27799999999999997,0,L
1962-06-06,1962,Russia,Uruguay,2,1,1,0.422,0.417,0.0050000000000000044,1,W
1962-06-07,1962,Bulgaria,England,0,0,0,0.115,0.432,-0.317,1,D
1962-06-07,1962,Colombia,Yugoslavia,0,5,-5,0.409,0.424,-0.015000000000000013,1,L
1962-06-07,1962,Czechoslovakia,Mexico,1,3,-2,0.367,0.295,0.07200000000000001,1,L
1962-06-07,1962,Italy,Switzerland,3,0,3,0.542,0.333,0.20900000000000002,1,W
1962-06-10,1962,Brazil,England,3,1,2,0.661,0.432,0.22900000000000004,1,W
1962-06-10,1962,Chile,Russia,2,1,1,0.333,0.422,-0.08899999999999997,0,W
1962-06-10,1962,Czechoslovakia,Hungary,1,0,1,0.367,0.469,-0.10199999999999998,1,W
1962-06-10,1962,Germany,Yugoslavia,0,1,-1,0.611,0.424,0.187,1,L
1962-06-13,1962,Chile,Brazil,2,4,-2,0.333,0.661,-0.328,0,L
1962-06-13,1962,Czechoslovakia,Yugoslavia,3,1,2,0.367,0.424,-0.056999999999999995,1,W
1962-06-16,1962,Chile,Yugoslavia,1,0,1,0.333,0.424,-0.09099999999999997,0,W
1962-06-17,1962,Brazil,Czechoslovakia,3,1,2,0.661,0.367,0.29400000000000004,1,W
1966-07-11,1966,England,Uruguay,0,0,0,0.432,0.417,0.015000000000000013,0,D
1966-07-12,1966,Brazil,Bulgaria,2,0,2,0.661,0.115,0.546,1,W
1966-07-12,1966,Germany,Switzerland,5,0,5,0.611,0.333,0.27799999999999997,1,W
1966-07-12,1966,North Korea,Russia,0,3,-3,0.143,0.422,-0.279,1,L
1966-07-13,1966,Argentina,Spain,2,1,1,0.534,0.456,0.07800000000000001,1,W
1966-07-13,1966,Chile,Italy,0,2,-2,0.333,0.542,-0.20900000000000002,1,L
1966-07-13,1966,France,Mexico,1,1,0,0.534,0.295,0.23900000000000005,1,D
1966-07-13,1966,Hungary,Portugal,1,3,-2,0.469,0.486,-0.017000000000000015,1,L
1966-07-15,1966,Brazil,Hungary,1,3,-2,0.661,0.469,0.19200000000000006,1,L
1966-07-15,1966,Chile,North Korea,1,1,0,0.333,0.143,0.19000000000000003,1,D
1966-07-15,1966,France,Uruguay,1,2,-1,0.534,0.417,0.11700000000000005,1,L
1966-07-15,1966,Spain,Switzerland,2,1,1,0.456,0.333,0.123,1,W
1966-07-16,1966,Argentina,Germany,0,0,0,0.534,0.611,-0.07699999999999996,1,D
1966-07-16,1966,Bulgaria,Portugal,0,3,-3,0.115,0.486,-0.371,1,L
1966-07-16,1966,England,Mexico,2,0,2,0.432,0.295,0.137,0,W
1966-07-16,1966,Italy,Russia,0,1,-1,0.542,0.422,0.12000000000000005,1,L
1966-07-19,1966,Argentina,Switzerland,2,0,2,0.534,0.333,0.201,1,W
1966-07-19,1966,Brazil,Portugal,1,3,-2,0.661,0.486,0.17500000000000004,1,L
1966-07-19,1966,Italy,North Korea,0,1,-1,0.542,0.143,0.399,1,L
1966-07-19,1966,Mexico,Uruguay,0,0,0,0.295,0.417,-0.122,1,D
1966-07-20,1966,Bulgaria,Hungary,1,3,-2,0.115,0.469,-0.354,1,L
1966-07-20,1966,Chile,Russia,1,2,-1,0.333,0.422,-0.08899999999999997,1,L
1966-07-20,1966,England,France,2,0,2,0.432,0.534,-0.10200000000000004,0,W
1966-07-20,1966,Germany,Spain,2,1,1,0.611,0.456,0.15499999999999997,1,W
1966-07-23,1966,England,Argentina,1,0,1,0.432,0.534,-0.10200000000000004,0,W
1966-07-23,1966,Germany,Uruguay,4,0,4,0.611,0.417,0.194,1,W
1966-07-23,1966,Hungary,Russia,1,2,-1,0.469,0.422,0.046999999999999986,1,L
1966-07-23,1966,North Korea,Portugal,3,5,-2,0.143,0.486,-0.34299999999999997,1,L
1966-07-25,1966,Germany,Russia,2,1,1,0.611,0.422,0.189,1,W
1966-07-26,1966,England,Portugal,2,1,1,0.432,0.486,-0.05399999999999999,0,W
1966-07-28,1966,Portugal,Russia,2,1,1,0.486,0.422,0.064,1,W
1966-07-30,1966,England,Germany,4,2,2,0.432,0.611,-0.179,0,W
1970-05-31,1970,Mexico,Russia,0,0,0,0.295,0.422,-0.127,0,D
1970-06-02,1970,Bulgaria,Peru,2,3,-1,0.115,0.278,-0.16300000000000003,1,L
1970-06-02,1970,England,Romania,1,0,1,0.432,0.381,0.05099999999999999,1,W
1970-06-02,1970,Israel,Uruguay,0,2,-2,0.0,0.417,-0.417,1,L
1970-06-03,1970,Belgium,El Salvador,3,0,3,0.404,0.0,0.404,1,W
1970-06-03,1970,Brazil,Czechoslovakia,4,1,3,0.661,0.367,0.29400000000000004,1,W
1970-06-03,1970,Germany,Morocco,2,1,1,0.611,0.208,0.403,1,W
1970-06-03,1970,Italy,Sweden,1,0,1,0.542,0.385,0.15700000000000003,1,W
1970-06-06,1970,Belgium,Russia,1,4,-3,0.404,0.422,-0.01799999999999996,1,L
1970-06-06,1970,Czechoslovakia,Romania,1,2,-1,0.367,0.381,-0.014000000000000012,1,L
1970-06-06,1970,Italy,Uruguay,0,0,0,0.542,0.417,0.12500000000000006,1,D
1970-06-06,1970,Morocco,Peru,0,3,-3,0.208,0.278,-0.07000000000000003,1,L
1970-06-07,1970,Brazil,England,1,0,1,0.661,0.432,0.22900000000000004,1,W
1970-06-07,1970,Bulgaria,Germany,2,5,-3,0.115,0.611,-0.496,1,L
1970-06-07,1970,Israel,Sweden,1,1,0,0.0,0.385,-0.385,1,D
1970-06-07,1970,Mexico,El Salvador,4,0,4,0.295,0.0,0.295,0,W
1970-06-10,1970,Brazil,Romania,3,2,1,0.661,0.381,0.28,1,W
1970-06-10,1970,El Salvador,Russia,0,2,-2,0.0,0.422,-0.422,1,L
1970-06-10,1970,Germany,Peru,3,1,2,0.611,0.278,0.33299999999999996,1,W
1970-06-10,1970,Sweden,Uruguay,1,0,1,0.385,0.417,-0.03199999999999997,1,W
1970-06-11,1970,Bulgaria,Morocco,1,1,0,0.115,0.208,-0.09299999999999999,1,D
1970-06-11,1970,Czechoslovakia,England,0,1,-1,0.367,0.432,-0.065,1,L
1970-06-11,1970,Israel,Italy,0,0,0,0.0,0.542,-0.542,1,D
1970-06-11,1970,Mexico,Belgium,1,0,1,0.295,0.404,-0.10900000000000004,0,W
1970-06-14,1970,Brazil,Peru,4,2,2,0.661,0.278,0.383,1,W
1970-06-14,1970,England,Germany,2,3,-1,0.432,0.611,-0.179,1,L
1970-06-14,1970,Mexico,Italy,1,4,-3,0.295,0.542,-0.24700000000000005,0,L
1970-06-14,1970,Russia,Uruguay,0,1,-1,0.422,0.417,0.0050000000000000044,1,L
1970-06-17,1970,Brazil,Uruguay,3,1,2,0.661,0.417,0.24400000000000005,1,W
1970-06-17,1970,Germany,Italy,3,4,-1,0.611,0.542,0.06899999999999995,1,L
1970-06-20,1970,Germany,Uruguay,1,0,1,0.611,0.417,0.194,1,W
1970-06-21,1970,Brazil,Italy,4,1,3,0.661,0.542,0.119,1,W
1974-06-13,1974,Brazil,Yugoslavia,0,0,0,0.661,0.424,0.23700000000000004,1,D
1974-06-14,1974,DR Congo,Scotland,0,2,-2,0.0,0.208,-0.208,1,L
1974-06-14,1974,German DR,Australia,2,0,2,0.333,0.238,0.09500000000000003,1,W
1974-06-14,1974,Germany,Chile,1,0,1,0.611,0.333,0.27799999999999997,0,W
1974-06-15,1974,Italy,Haiti,3,1,2,0.542,0.0,0.542,1,W
1974-06-15,1974,Poland,Argentina,3,2,1,0.447,0.534,-0.08700000000000002,1,W
1974-06-15,1974,Sweden,Bulgaria,0,0,0,0.385,0.115,0.27,1,D
1974-06-15,1974,Uruguay,Netherlands,0,2,-2,0.417,0.536,-0.11900000000000005,1,L
1974-06-18,1974,Chile,German DR,1,1,0,0.333,0.333,0.0,1,D
1974-06-18,1974,Germany,Australia,3,0,3,0.611,0.238,0.373,0,W
1974-06-18,1974,Scotland,Brazil,0,0,0,0.208,0.661,-0.45300000000000007,1,D
1974-06-18,1974,Yugoslavia,DR Congo,9,0,9,0.424,0.0,0.424,1,W
1974-06-19,1974,Argentina,Italy,1,1,0,0.534,0.542,-0.008000000000000007,1,D
1974-06-19,1974,Bulgaria,Uruguay,1,1,0,0.115,0.417,-0.302,1,D
1974-06-19,1974,Haiti,Poland,0,7,-7,0.0,0.447,-0.447,1,L
1974-06-19,1974,Netherlands,Sweden,0,0,0,0.536,0.385,0.15100000000000002,1,D
1974-06-22,1974,Australia,Chile,0,0,0,0.238,0.333,-0.09500000000000003,1,D
1974-06-22,1974,DR Congo,Brazil,0,3,-3,0.0,0.661,-0.661,1,L
1974-06-22,1974,Germany,German DR,0,1,-1,0.611,0.333,0.27799999999999997,0,L
1974-06-22,1974,Scotland,Yugoslavia,1,1,0,0.208,0.424,-0.216,1,D
1974-06-23,1974,Argentina,Haiti,4,1,3,0.534,0.0,0.534,1,W
1974-06-23,1974,Bulgaria,Netherlands,1,4,-3,0.115,0.536,-0.42100000000000004,1,L
1974-06-23,1974,Poland,Italy,2,1,1,0.447,0.542,-0.09500000000000003,1,W
1974-06-23,1974,Sweden,Uruguay,3,0,3,0.385,0.417,-0.03199999999999997,1,W
1974-06-26,1974,Brazil,German DR,1,0,1,0.661,0.333,0.328,1,W
1974-06-26,1974,Germany,Yugoslavia,2,0,2,0.611,0.424,0.187,0,W
1974-06-26,1974,Netherlands,Argentina,4,0,4,0.536,0.534,0.0020000000000000018,1,W
1974-06-26,1974,Sweden,Poland,0,1,-1,0.385,0.447,-0.062,1,L
1974-06-30,1974,Argentina,Brazil,1,2,-1,0.534,0.661,-0.127,1,L
1974-06-30,1974,German DR,Netherlands,0,2,-2,0.333,0.536,-0.203,1,L
1974-06-30,1974,Germany,Sweden,4,2,2,0.611,0.385,0.22599999999999998,0,W
1974-06-30,1974,Poland,Yugoslavia,2,1,1,0.447,0.424,0.02300000000000002,1,W
1974-07-03,1974,Argentina,German DR,1,1,0,0.534,0.333,0.201,1,D
1974-07-03,1974,Germany,Poland,1,0,1,0.611,0.447,0.16399999999999998,0,W
1974-07-03,1974,Netherlands,Brazil,2,0,2,0.536,0.661,-0.125,1,W
1974-07-03,1974,Sweden,Yugoslavia,2,1,1,0.385,0.424,-0.03899999999999998,1,W
1974-07-06,1974,Brazil,Poland,0,1,-1,0.661,0.447,0.21400000000000002,1,L
1974-07-07,1974,Germany,Netherlands,2,1,1,0.611,0.536,0.07499999999999996,0,W
1978-06-01,1978,Germany,Poland,0,0,0,0.611,0.447,0.16399999999999998,1,D
1978-06-02,1978,Argentina,Hungary,2,1,1,0.534,0.469,0.06500000000000006,0,W
1978-06-02,1978,France,Italy,1,2,-1,0.534,0.542,-0.008000000000000007,1,L
1978-06-02,1978,Mexico,Tunisia,1,3,-2,0.295,0.158,0.13699999999999998,1,L
1978-06-03,1978,Austria,Spain,2,1,1,0.414,0.456,-0.04200000000000004,1,W
1978-06-03,1978,Brazil,Sweden,1,1,0,0.661,0.385,0.276,1,D
1978-06-03,1978,Iran,Netherlands,0,3,-3,0.158,0.536,-0.378,1,L
1978-06-03,1978,Peru,Scotland,3,1,2,0.278,0.208,0.07000000000000003,1,W
1978-06-06,1978,Argentina,France,2,1,1,0.534,0.534,0.0,0,W
1978-06-06,1978,Germany,Mexico,6,0,6,0.611,0.295,0.316,1,W
1978-06-06,1978,Hungary,Italy,1,3,-2,0.469,0.542,-0.07300000000000006,1,L
1978-06-06,1978,Poland,Tunisia,1,0,1,0.447,0.158,0.28900000000000003,1,W
1978-06-07,1978,Austria,Sweden,1,0,1,0.414,0.385,0.02899999999999997,1,W
1978-06-07,1978,Brazil,Spain,0,0,0,0.661,0.456,0.20500000000000002,1,D
1978-06-07,1978,Iran,Scotland,1,1,0,0.158,0.208,-0.04999999999999999,1,D
1978-06-07,1978,Netherlands,Peru,0,0,0,0.536,0.278,0.258,1,D
1978-06-10,1978,Argentina,Italy,0,1,-1,0.534,0.542,-0.008000000000000007,0,L
1978-06-10,1978,France,Hungary,3,1,2,0.534,0.469,0.06500000000000006,1,W
1978-06-10,1978,Germany,Tunisia,0,0,0,0.611,0.158,0.45299999999999996,1,D
1978-06-10,1978,Mexico,Poland,1,3,-2,0.295,0.447,-0.15200000000000002,1,L
1978-06-11,1978,Austria,Brazil,0,1,-1,0.414,0.661,-0.24700000000000005,1,L
1978-06-11,1978,Iran,Peru,1,4,-3,0.158,0.278,-0.12000000000000002,1,L
1978-06-11,1978,Netherlands,Scotland,2,3,-1,0.536,0.208,0.32800000000000007,1,L
1978-06-11,1978,Spain,Sweden,1,0,1,0.456,0.385,0.07100000000000001,1,W
1978-06-14,1978,Argentina,Poland,2,0,2,0.534,0.447,0.08700000000000002,0,W
1978-06-14,1978,Austria,Netherlands,1,5,-4,0.414,0.536,-0.12200000000000005,1,L
1978-06-14,1978,Brazil,Peru,3,0,3,0.661,0.278,0.383,1,W
1978-06-14,1978,Germany,Italy,0,0,0,0.611,0.542,0.06899999999999995,1,D
1978-06-18,1978,Argentina,Brazil,0,0,0,0.534,0.661,-0.127,0,D
1978-06-18,1978,Austria,Italy,0,1,-1,0.414,0.542,-0.12800000000000006,1,L
1978-06-18,1978,Germany,Netherlands,2,2,0,0.611,0.536,0.07499999999999996,1,D
1978-06-18,1978,Peru,Poland,0,1,-1,0.278,0.447,-0.16899999999999998,1,L
1978-06-21,1978,Argentina,Peru,6,0,6,0.534,0.278,0.256,0,W
1978-06-21,1978,Austria,Germany,3,2,1,0.414,0.611,-0.197,1,W
1978-06-21,1978,Brazil,Poland,3,1,2,0.661,0.447,0.21400000000000002,1,W
1978-06-21,1978,Italy,Netherlands,1,2,-1,0.542,0.536,0.006000000000000005,1,L
1978-06-24,1978,Brazil,Italy,2,1,1,0.661,0.542,0.119,1,W
1978-06-25,1978,Argentina,Netherlands,3,1,2,0.534,0.536,-0.0020000000000000018,0,W
1982-06-13,1982,Argentina,Belgium,0,1,-1,0.534,0.404,0.13,1,L
1982-06-14,1982,Brazil,Russia,2,1,1,0.661,0.422,0.23900000000000005,1,W
1982-06-14,1982,Italy,Poland,0,0,0,0.542,0.447,0.09500000000000003,1,D
1982-06-15,1982,Hungary,El Salvador,10,1,9,0.469,0.0,0.469,1,W
1982-06-15,1982,Peru,Cameroon,0,0,0,0.278,0.192,0.08600000000000002,1,D
1982-06-15,1982,Scotland,New Zealand,5,2,3,0.208,0.0,0.208,1,W
1982-06-16,1982,England,France,3,1,2,0.432,0.534,-0.10200000000000004,1,W
1982-06-16,1982,Germany,Algeria,1,2,-1,0.611,0.231,0.38,1,L
1982-06-16,1982,Spain,Honduras,1,1,0,0.456,0.0,0.456,0,D
1982-06-17,1982,Chile,Austria,0,1,-1,0.333,0.414,-0.08099999999999996,1,L
1982-06-17,1982,Czechoslovakia,Kuwait,1,1,0,0.367,0.0,0.367,1,D
1982-06-17,1982,Yugoslavia,Northern Ireland,0,0,0,0.424,0.231,0.19299999999999998,1,D
1982-06-18,1982,Argentina,Hungary,4,1,3,0.534,0.469,0.06500000000000006,1,W
1982-06-18,1982,Brazil,Scotland,4,1,3,0.661,0.208,0.45300000000000007,1,W
1982-06-18,1982,Italy,Peru,1,1,0,0.542,0.278,0.264,1,D
1982-06-19,1982,Belgium,El Salvador,1,0,1,0.404,0.0,0.404,1,W
1982-06-19,1982,Poland,Cameroon,0,0,0,0.447,0.192,0.255,1,D
1982-06-19,1982,Russia,New Zealand,3,0,3,0.422,0.0,0.422,1,W
1982-06-20,1982,England,Czechoslovakia,2,0,2,0.432,0.367,0.065,1,W
1982-06-20,1982,Germany,Chile,4,1,3,0.611,0.333,0.27799999999999997,1,W
1982-06-20,1982,Spain,Yugoslavia,2,1,1,0.456,0.424,0.03200000000000003,0,W
1982-06-21,1982,Algeria,Austria,0,2,-2,0.231,0.414,-0.18299999999999997,1,L
1982-06-21,1982,France,Kuwait,4,1,3,0.534,0.0,0.534,1,W
1982-06-21,1982,Honduras,Northern Ireland,1,1,0,0.0,0.231,-0.231,1,D
1982-06-22,1982,Belgium,Hungary,1,1,0,0.404,0.469,-0.06499999999999995,1,D
1982-06-22,1982,Poland,Peru,5,1,4,0.447,0.278,0.16899999999999998,1,W
1982-06-22,1982,Russia,Scotland,2,2,0,0.422,0.208,0.214,1,D
1982-06-23,1982,Argentina,El Salvador,2,0,2,0.534,0.0,0.534,1,W
1982-06-23,1982,Brazil,New Zealand,4,0,4,0.661,0.0,0.661,1,W
1982-06-23,1982,Italy,Cameroon,1,1,0,0.542,0.192,0.35000000000000003,1,D
1982-06-24,1982,Algeria,Chile,3,2,1,0.231,0.333,-0.10200000000000001,1,W
1982-06-24,1982,France,Czechoslovakia,1,1,0,0.534,0.367,0.16700000000000004,1,D
1982-06-24,1982,Honduras,Yugoslavia,0,1,-1,0.0,0.424,-0.424,1,L
1982-06-25,1982,England,Kuwait,1,0,1,0.432,0.0,0.432,1,W
1982-06-25,1982,Germany,Austria,1,0,1,0.611,0.414,0.197,1,W
1982-06-25,1982,Spain,Northern Ireland,0,1,-1,0.456,0.231,0.225,0,L
1982-06-28,1982,Austria,France,0,1,-1,0.414,0.534,-0.12000000000000005,1,L
1982-06-28,1982,Poland,Belgium,3,0,3,0.447,0.404,0.04299999999999998,1,W
1982-06-29,1982,Germany,England,0,0,0,0.611,0.432,0.179,1,D
1982-06-29,1982,Italy,Argentina,2,1,1,0.542,0.534,0.008000000000000007,1,W
1982-07-01,1982,Austria,Northern Ireland,2,2,0,0.414,0.231,0.18299999999999997,1,D
1982-07-01,1982,Belgium,Russia,0,1,-1,0.404,0.422,-0.01799999999999996,1,L
1982-07-02,1982,Argentina,Brazil,1,3,-2,0.534,0.661,-0.127,1,L
1982-07-02,1982,Spain,Germany,1,2,-1,0.456,0.611,-0.15499999999999997,0,L
1982-07-04,1982,France,Northern Ireland,4,1,3,0.534,0.231,0.30300000000000005,1,W
1982-07-04,1982,Poland,Russia,0,0,0,0.447,0.422,0.025000000000000022,1,D
1982-07-05,1982,Italy,Brazil,3,2,1,0.542,0.661,-0.119,1,W
1982-07-05,1982,Spain,England,0,0,0,0.456,0.432,0.02400000000000002,0,D
1982-07-08,1982,Germany,France,3,3,0,0.611,0.534,0.07699999999999996,1,D
1982-07-08,1982,Poland,Italy,0,2,-2,0.447,0.542,-0.09500000000000003,1,L
1982-07-10,1982,Poland,France,3,2,1,0.447,0.534,-0.08700000000000002,1,W
1982-07-11,1982,Italy,Germany,3,1,2,0.542,0.611,-0.06899999999999995,1,W
1986-05-31,1986,Bulgaria,Italy,1,1,0,0.115,0.542,-0.42700000000000005,1,D
1986-06-01,1986,Canada,France,0,1,-1,0.0,0.534,-0.534,1,L
1986-06-01,1986,Spain,Brazil,0,1,-1,0.456,0.661,-0.20500000000000002,1,L
1986-06-02,1986,Argentina,South Korea,3,1,2,0.534,0.205,0.32900000000000007,1,W
1986-06-02,1986,Morocco,Poland,0,0,0,0.208,0.447,-0.23900000000000002,1,D
1986-06-02,1986,Russia,Hungary,6,0,6,0.422,0.469,-0.046999999999999986,1,W
1986-06-03,1986,Algeria,Northern Ireland,1,1,0,0.231,0.231,0.0,1,D
1986-06-03,1986,Mexico,Belgium,2,1,1,0.295,0.404,-0.10900000000000004,0,W
1986-06-03,1986,Portugal,England,1,0,1,0.486,0.432,0.05399999999999999,1,W
1986-06-04,1986,Paraguay,Iraq,1,0,1,0.25,0.0,0.25,1,W
1986-06-04,1986,Scotland,Denmark,0,1,-1,0.208,0.391,-0.18300000000000002,1,L
1986-06-04,1986,Uruguay,Germany,1,1,0,0.417,0.611,-0.194,1,D
1986-06-05,1986,France,Russia,1,1,0,0.534,0.422,0.11200000000000004,1,D
1986-06-05,1986,Italy,Argentina,1,1,0,0.542,0.534,0.008000000000000007,1,D
1986-06-05,1986,South Korea,Bulgaria,1,1,0,0.205,0.115,0.08999999999999998,1,D
1986-06-06,1986,Brazil,Algeria,1,0,1,0.661,0.231,0.43000000000000005,1,W
1986-06-06,1986,England,Morocco,0,0,0,0.432,0.208,0.224,1,D
1986-06-06,1986,Hungary,Canada,2,0,2,0.469,0.0,0.469,1,W
1986-06-07,1986,Mexico,Paraguay,1,1,0,0.295,0.25,0.044999999999999984,0,D
1986-06-07,1986,Northern Ireland,Spain,1,2,-1,0.231,0.456,-0.225,1,L
1986-06-07,1986,Poland,Portugal,1,0,1,0.447,0.486,-0.03899999999999998,1,W
1986-06-08,1986,Denmark,Uruguay,6,1,5,0.391,0.417,-0.025999999999999968,1,W
1986-06-08,1986,Germany,Scotland,2,1,1,0.611,0.208,0.403,1,W
1986-06-08,1986,Iraq,Belgium,1,2,-1,0.0,0.404,-0.404,1,L
1986-06-09,1986,Hungary,France,0,3,-3,0.469,0.534,-0.06500000000000006,1,L
1986-06-09,1986,Russia,Canada,2,0,2,0.422,0.0,0.422,1,W
1986-06-10,1986,Argentina,Bulgaria,2,0,2,0.534,0.115,0.41900000000000004,1,W
1986-06-10,1986,South Korea,Italy,2,3,-1,0.205,0.542,-0.3370000000000001,1,L
1986-06-11,1986,England,Poland,3,0,3,0.432,0.447,-0.015000000000000013,1,W
1986-06-11,1986,Mexico,Iraq,1,0,1,0.295,0.0,0.295,0,W
1986-06-11,1986,Paraguay,Belgium,2,2,0,0.25,0.404,-0.15400000000000003,1,D
1986-06-11,1986,Portugal,Morocco,1,3,-2,0.486,0.208,0.278,1,L
1986-06-12,1986,Algeria,Spain,0,3,-3,0.231,0.456,-0.225,1,L
1986-06-12,1986,Northern Ireland,Brazil,0,3,-3,0.231,0.661,-0.43000000000000005,1,L
1986-06-13,1986,Denmark,Germany,2,0,2,0.391,0.611,-0.21999999999999997,1,W
1986-06-13,1986,Scotland,Uruguay,0,0,0,0.208,0.417,-0.209,1,D
1986-06-15,1986,Mexico,Bulgaria,2,0,2,0.295,0.115,0.18,0,W
1986-06-15,1986,Russia,Belgium,3,4,-1,0.422,0.404,0.01799999999999996,1,L
1986-06-16,1986,Argentina,Uruguay,1,0,1,0.534,0.417,0.11700000000000005,1,W
1986-06-16,1986,Brazil,Poland,4,0,4,0.661,0.447,0.21400000000000002,1,W
1986-06-17,1986,Italy,France,0,2,-2,0.542,0.534,0.008000000000000007,1,L
1986-06-17,1986,Morocco,Germany,0,1,-1,0.208,0.611,-0.403,1,L
1986-06-18,1986,Denmark,Spain,1,5,-4,0.391,0.456,-0.065,1,L
1986-06-18,1986,England,Paraguay,3,0,3,0.432,0.25,0.182,1,W
1986-06-21,1986,Brazil,France,1,1,0,0.661,0.534,0.127,1,D
1986-06-21,1986,Mexico,Germany,0,0,0,0.295,0.611,-0.316,0,D
1986-06-22,1986,Argentina,England,2,1,1,0.534,0.432,0.10200000000000004,1,W
1986-06-22,1986,Spain,Belgium,1,1,0,0.456,0.404,0.05199999999999999,1,D
1986-06-25,1986,Argentina,Belgium,2,0,2,0.534,0.404,0.13,1,W
1986-06-25,1986,France,Germany,0,2,-2,0.534,0.611,-0.07699999999999996,1,L
1986-06-28,1986,France,Belgium,4,2,2,0.534,0.404,0.13,1,W
1986-06-29,1986,Argentina,Germany,3,2,1,0.534,0.611,-0.07699999999999996,1,W
1990-06-08,1990,Argentina,Cameroon,0,1,-1,0.534,0.192,0.342,1,L
1990-06-09,1990,Italy,Austria,1,0,1,0.542,0.414,0.12800000000000006,0,W
1990-06-09,1990,Russia,Romania,0,2,-2,0.422,0.381,0.04099999999999998,1,L
1990-06-09,1990,United Arab Emirates,Colombia,0,2,-2,0.0,0.409,-0.409,1,L
1990-06-10,1990,Brazil,Sweden,2,1,1,0.661,0.385,0.276,1,W
1990-06-10,1990,Germany,Yugoslavia,4,1,3,0.611,0.424,0.187,1,W
1990-06-10,1990,United States,Czechoslovakia,1,5,-4,0.263,0.367,-0.10399999999999998,1,L
1990-06-11,1990,Costa Rica,Scotland,1,0,1,0.286,0.208,0.07799999999999999,1,W
1990-06-11,1990,England,Republic of Ireland,1,1,0,0.432,0.154,0.278,1,D
1990-06-12,1990,Belgium,South Korea,2,0,2,0.404,0.205,0.19900000000000004,1,W
1990-06-12,1990,Netherlands,Egypt,1,1,0,0.536,0.0,0.536,1,D
1990-06-13,1990,Argentina,Russia,2,0,2,0.534,0.422,0.11200000000000004,1,W
1990-06-13,1990,Uruguay,Spain,0,0,0,0.417,0.456,-0.039000000000000035,1,D
1990-06-14,1990,Cameroon,Romania,2,1,1,0.192,0.381,-0.189,1,W
1990-06-14,1990,Italy,United States,1,0,1,0.542,0.263,0.279,0,W
1990-06-14,1990,Yugoslavia,Colombia,1,0,1,0.424,0.409,0.015000000000000013,1,W
1990-06-15,1990,Austria,Czechoslovakia,0,1,-1,0.414,0.367,0.046999999999999986,1,L
1990-06-15,1990,Germany,United Arab Emirates,5,1,4,0.611,0.0,0.611,1,W
1990-06-16,1990,Brazil,Costa Rica,1,0,1,0.661,0.286,0.37500000000000006,1,W
1990-06-16,1990,England,Netherlands,0,0,0,0.432,0.536,-0.10400000000000004,1,D
1990-06-16,1990,Sweden,Scotland,1,2,-1,0.385,0.208,0.17700000000000002,1,L
1990-06-17,1990,Belgium,Uruguay,3,1,2,0.404,0.417,-0.012999999999999956,1,W
1990-06-17,1990,Republic of Ireland,Egypt,0,0,0,0.154,0.0,0.154,1,D
1990-06-17,1990,South Korea,Spain,1,3,-2,0.205,0.456,-0.251,1,L
1990-06-18,1990,Argentina,Romania,1,1,0,0.534,0.381,0.15300000000000002,1,D
1990-06-18,1990,Cameroon,Russia,0,4,-4,0.192,0.422,-0.22999999999999998,1,L
1990-06-19,1990,Austria,United States,2,1,1,0.414,0.263,0.15099999999999997,1,W
1990-06-19,1990,Germany,Colombia,1,1,0,0.611,0.409,0.202,1,D
1990-06-19,1990,Italy,Czechoslovakia,2,0,2,0.542,0.367,0.17500000000000004,0,W
1990-06-19,1990,Yugoslavia,United Arab Emirates,4,1,3,0.424,0.0,0.424,1,W
1990-06-20,1990,Brazil,Scotland,1,0,1,0.661,0.208,0.45300000000000007,1,W
1990-06-20,1990,Sweden,Costa Rica,1,2,-1,0.385,0.286,0.09900000000000003,1,L
1990-06-21,1990,Belgium,Spain,1,2,-1,0.404,0.456,-0.05199999999999999,1,L
1990-06-21,1990,England,Egypt,1,0,1,0.432,0.0,0.432,1,W
1990-06-21,1990,Republic of Ireland,Netherlands,1,1,0,0.154,0.536,-0.382,1,D
1990-06-21,1990,South Korea,Uruguay,0,1,-1,0.205,0.417,-0.212,1,L
1990-06-23,1990,Cameroon,Colombia,2,1,1,0.192,0.409,-0.21699999999999997,1,W
1990-06-23,1990,Czechoslovakia,Costa Rica,4,1,3,0.367,0.286,0.08100000000000002,1,W
1990-06-24,1990,Brazil,Argentina,0,1,-1,0.661,0.534,0.127,1,L
1990-06-24,1990,Germany,Netherlands,2,1,1,0.611,0.536,0.07499999999999996,1,W
1990-06-25,1990,Republic of Ireland,Romania,0,0,0,0.154,0.381,-0.227,1,D
1990-06-25,1990,Italy,Uruguay,2,0,2,0.542,0.417,0.12500000000000006,0,W
1990-06-26,1990,England,Belgium,1,0,1,0.432,0.404,0.02799999999999997,1,W
1990-06-26,1990,Spain,Yugoslavia,1,2,-1,0.456,0.424,0.03200000000000003,1,L
1990-06-30,1990,Italy,Republic of Ireland,1,0,1,0.542,0.154,0.388,0,W
1990-06-30,1990,Yugoslavia,Argentina,0,0,0,0.424,0.534,-0.11000000000000004,1,D
1990-07-01,1990,Cameroon,England,2,3,-1,0.192,0.432,-0.24,1,L
1990-07-01,1990,Germany,Czechoslovakia,1,0,1,0.611,0.367,0.244,1,W
1990-07-03,1990,Italy,Argentina,1,1,0,0.542,0.534,0.008000000000000007,0,D
1990-07-04,1990,Germany,England,1,1,0,0.611,0.432,0.179,1,D
1990-07-07,1990,Italy,England,2,1,1,0.542,0.432,0.11000000000000004,0,W
1990-07-08,1990,Germany,Argentina,1,0,1,0.611,0.534,0.07699999999999996,1,W
1994-06-17,1994,Germany,Bolivia,1,0,1,0.611,0.0,0.611,1,W
1994-06-17,1994,Spain,South Korea,2,2,0,0.456,0.205,0.251,1,D
1994-06-18,1994,Colombia,Romania,1,3,-2,0.409,0.381,0.02799999999999997,1,L
1994-06-18,1994,Italy,Republic of Ireland,0,1,-1,0.542,0.154,0.388,1,L
1994-06-18,1994,United States,Switzerland,1,1,0,0.263,0.333,-0.07,0,D
1994-06-19,1994,Belgium,Morocco,1,0,1,0.404,0.208,0.19600000000000004,1,W
1994-06-19,1994,Cameroon,Sweden,2,2,0,0.192,0.385,-0.193,1,D
1994-06-19,1994,Norway,Mexico,1,0,1,0.25,0.295,-0.044999999999999984,1,W
1994-06-20,1994,Brazil,Russia,2,0,2,0.661,0.422,0.23900000000000005,1,W
1994-06-20,1994,Netherlands,Saudi Arabia,2,1,1,0.536,0.2,0.336,1,W
1994-06-21,1994,Argentina,Greece,4,0,4,0.534,0.2,0.334,1,W
1994-06-21,1994,Germany,Spain,1,1,0,0.611,0.456,0.15499999999999997,1,D
1994-06-21,1994,Nigeria,Bulgaria,3,0,3,0.286,0.115,0.17099999999999999,1,W
1994-06-22,1994,Romania,Switzerland,1,4,-3,0.381,0.333,0.04799999999999999,1,L
1994-06-22,1994,United States,Colombia,2,1,1,0.263,0.409,-0.14599999999999996,0,W
1994-06-23,1994,Italy,Norway,1,0,1,0.542,0.25,0.29200000000000004,1,W
1994-06-23,1994,South Korea,Bolivia,0,0,0,0.205,0.0,0.205,1,D
1994-06-24,1994,Brazil,Cameroon,3,0,3,0.661,0.192,0.46900000000000003,1,W
1994-06-24,1994,Mexico,Republic of Ireland,2,1,1,0.295,0.154,0.141,1,W
1994-06-24,1994,Sweden,Russia,3,1,2,0.385,0.422,-0.03699999999999998,1,W
1994-06-25,1994,Argentina,Nigeria,2,1,1,0.534,0.286,0.24800000000000005,1,W
1994-06-25,1994,Belgium,Netherlands,1,0,1,0.404,0.536,-0.132,1,W
1994-06-25,1994,Saudi Arabia,Morocco,2,1,1,0.2,0.208,-0.00799999999999998,1,W
1994-06-26,1994,Bulgaria,Greece,4,0,4,0.115,0.2,-0.085,1,W
1994-06-26,1994,Switzerland,Colombia,0,2,-2,0.333,0.409,-0.07599999999999996,1,L
1994-06-26,1994,United States,Romania,0,1,-1,0.263,0.381,-0.118,0,L
1994-06-27,1994,Bolivia,Spain,1,3,-2,0.0,0.456,-0.456,1,L
1994-06-27,1994,Germany,South Korea,3,2,1,0.611,0.205,0.406,1,W
1994-06-28,1994,Brazil,Sweden,1,1,0,0.661,0.385,0.276,1,D
1994-06-28,1994,Republic of Ireland,Norway,0,0,0,0.154,0.25,-0.096,1,D
1994-06-28,1994,Italy,Mexico,1,1,0,0.542,0.295,0.24700000000000005,1,D
1994-06-28,1994,Russia,Cameroon,6,1,5,0.422,0.192,0.22999999999999998,1,W
1994-06-29,1994,Belgium,Saudi Arabia,0,1,-1,0.404,0.2,0.20400000000000001,1,L
1994-06-29,1994,Morocco,Netherlands,1,2,-1,0.208,0.536,-0.32800000000000007,1,L
1994-06-30,1994,Argentina,Bulgaria,0,2,-2,0.534,0.115,0.41900000000000004,1,L
1994-06-30,1994,Greece,Nigeria,0,2,-2,0.2,0.286,-0.08599999999999997,1,L
1994-07-02,1994,Germany,Belgium,3,2,1,0.611,0.404,0.20699999999999996,1,W
1994-07-02,1994,Spain,Switzerland,3,0,3,0.456,0.333,0.123,1,W
1994-07-03,1994,Romania,Argentina,3,2,1,0.381,0.534,-0.15300000000000002,1,W
1994-07-03,1994,Saudi Arabia,Sweden,1,3,-2,0.2,0.385,-0.185,1,L
1994-07-04,1994,Netherlands,Republic of Ireland,2,0,2,0.536,0.154,0.382,1,W
1994-07-04,1994,United States,Brazil,0,1,-1,0.263,0.661,-0.398,0,L
1994-07-05,1994,Mexico,Bulgaria,1,1,0,0.295,0.115,0.18,1,D
1994-07-05,1994,Nigeria,Italy,1,2,-1,0.286,0.542,-0.25600000000000006,1,L
1994-07-09,1994,Italy,Spain,2,1,1,0.542,0.456,0.08600000000000002,1,W
1994-07-09,1994,Netherlands,Brazil,2,3,-1,0.536,0.661,-0.125,1,L
1994-07-10,1994,Bulgaria,Germany,2,1,1,0.115,0.611,-0.496,1,W
1994-07-10,1994,Romania,Sweden,2,2,0,0.381,0.385,-0.0040000000000000036,1,D
1994-07-13,1994,Bulgaria,Italy,1,2,-1,0.115,0.542,-0.42700000000000005,1,L
1994-07-13,1994,Sweden,Brazil,0,1,-1,0.385,0.661,-0.276,1,L
1994-07-16,1994,Sweden,Bulgaria,4,0,4,0.385,0.115,0.27,1,W
1994-07-17,1994,Brazil,Italy,0,0,0,0.661,0.542,0.119,1,D
1998-06-10,1998,Brazil,Scotland,2,1,1,0.661,0.208,0.45300000000000007,1,W
1998-06-10,1998,Morocco,Norway,2,2,0,0.208,0.25,-0.04200000000000001,1,D
1998-06-11,1998,Cameroon,Austria,1,1,0,0.192,0.414,-0.22199999999999998,1,D
1998-06-11,1998,Italy,Chile,2,2,0,0.542,0.333,0.20900000000000002,1,D
1998-06-12,1998,France,South Africa,3,0,3,0.534,0.2,0.334,0,W
1998-06-12,1998,Paraguay,Bulgaria,0,0,0,0.25,0.115,0.135,1,D
1998-06-12,1998,Saudi Arabia,Denmark,0,1,-1,0.2,0.391,-0.191,1,L
1998-06-13,1998,South Korea,Mexico,1,3,-2,0.205,0.295,-0.09,1,L
1998-06-13,1998,Netherlands,Belgium,0,0,0,0.536,0.404,0.132,1,D
1998-06-13,1998,Spain,Nigeria,2,3,-1,0.456,0.286,0.17000000000000004,1,L
1998-06-14,1998,Argentina,Japan,1,0,1,0.534,0.269,0.265,1,W
1998-06-14,1998,Jamaica,Croatia,1,3,-2,0.333,0.433,-0.09999999999999998,1,L
1998-06-14,1998,Serbia,Iran,1,0,1,0.25,0.158,0.092,1,W
1998-06-15,1998,England,Tunisia,2,0,2,0.432,0.158,0.274,1,W
1998-06-15,1998,Germany,United States,2,0,2,0.611,0.263,0.348,1,W
1998-06-15,1998,Romania,Colombia,1,0,1,0.381,0.409,-0.02799999999999997,1,W
1998-06-16,1998,Brazil,Morocco,3,0,3,0.661,0.208,0.45300000000000007,1,W
1998-06-16,1998,Scotland,Norway,1,1,0,0.208,0.25,-0.04200000000000001,1,D
1998-06-17,1998,Chile,Austria,1,1,0,0.333,0.414,-0.08099999999999996,1,D
1998-06-17,1998,Italy,Cameroon,3,0,3,0.542,0.192,0.35000000000000003,1,W
1998-06-18,1998,France,Saudi Arabia,4,0,4,0.534,0.2,0.334,0,W
1998-06-18,1998,South Africa,Denmark,1,1,0,0.2,0.391,-0.191,1,D
1998-06-19,1998,Nigeria,Bulgaria,1,0,1,0.286,0.115,0.17099999999999999,1,W
1998-06-19,1998,Spain,Paraguay,0,0,0,0.456,0.25,0.20600000000000002,1,D
1998-06-20,1998,Belgium,Mexico,2,2,0,0.404,0.295,0.10900000000000004,1,D
1998-06-20,1998,Japan,Croatia,0,1,-1,0.269,0.433,-0.16399999999999998,1,L
1998-06-20,1998,Netherlands,South Korea,5,0,5,0.536,0.205,0.33100000000000007,1,W
1998-06-21,1998,Argentina,Jamaica,5,0,5,0.534,0.333,0.201,1,W
1998-06-21,1998,Germany,Serbia,2,2,0,0.611,0.25,0.361,1,D
1998-06-21,1998,United States,Iran,1,2,-1,0.263,0.158,0.10500000000000001,1,L
1998-06-22,1998,Colombia,Tunisia,1,0,1,0.409,0.158,0.251,1,W
1998-06-22,1998,Romania,England,2,1,1,0.381,0.432,-0.05099999999999999,1,W
1998-06-23,1998,Brazil,Norway,1,2,-1,0.661,0.25,0.41100000000000003,1,L
1998-06-23,1998,Chile,Cameroon,1,1,0,0.333,0.192,0.14100000000000001,1,D
1998-06-23,1998,Italy,Austria,2,1,1,0.542,0.414,0.12800000000000006,1,W
1998-06-23,1998,Scotland,Morocco,0,3,-3,0.208,0.208,0.0,1,L
1998-06-24,1998,France,Denmark,2,1,1,0.534,0.391,0.14300000000000002,0,W
1998-06-24,1998,Nigeria,Paraguay,1,3,-2,0.286,0.25,0.035999999999999976,1,L
1998-06-24,1998,South Africa,Saudi Arabia,2,2,0,0.2,0.2,0.0,1,D
1998-06-24,1998,Spain,Bulgaria,6,1,5,0.456,0.115,0.341,1,W
1998-06-25,1998,Belgium,South Korea,1,1,0,0.404,0.205,0.19900000000000004,1,D
1998-06-25,1998,Germany,Iran,2,0,2,0.611,0.158,0.45299999999999996,1,W
1998-06-25,1998,Netherlands,Mexico,2,2,0,0.536,0.295,0.24100000000000005,1,D
1998-06-25,1998,United States,Serbia,0,1,-1,0.263,0.25,0.013000000000000012,1,L
1998-06-26,1998,Argentina,Croatia,1,0,1,0.534,0.433,0.10100000000000003,1,W
1998-06-26,1998,Colombia,England,0,2,-2,0.409,0.432,-0.02300000000000002,1,L
1998-06-26,1998,Japan,Jamaica,1,2,-1,0.269,0.333,-0.064,1,L
1998-06-26,1998,Romania,Tunisia,1,1,0,0.381,0.158,0.223,1,D
1998-06-27,1998,Brazil,Chile,4,1,3,0.661,0.333,0.328,1,W
1998-06-27,1998,Italy,Norway,1,0,1,0.542,0.25,0.29200000000000004,1,W
1998-06-28,1998,France,Paraguay,1,0,1,0.534,0.25,0.28400000000000003,0,W
1998-06-28,1998,Nigeria,Denmark,1,4,-3,0.286,0.391,-0.10500000000000004,1,L
1998-06-29,1998,Germany,Mexico,2,1,1,0.611,0.295,0.316,1,W
1998-06-29,1998,Netherlands,Serbia,2,1,1,0.536,0.25,0.28600000000000003,1,W
1998-06-30,1998,Argentina,England,2,2,0,0.534,0.432,0.10200000000000004,1,D
1998-06-30,1998,Romania,Croatia,0,1,-1,0.381,0.433,-0.05199999999999999,1,L
1998-07-03,1998,Brazil,Denmark,3,2,1,0.661,0.391,0.27,1,W
1998-07-03,1998,France,Italy,0,0,0,0.534,0.542,-0.008000000000000007,0,D
1998-07-04,1998,Germany,Croatia,0,3,-3,0.611,0.433,0.178,1,L
1998-07-04,1998,Netherlands,Argentina,2,1,1,0.536,0.534,0.0020000000000000018,1,W
1998-07-07,1998,Brazil,Netherlands,1,1,0,0.661,0.536,0.125,1,D
1998-07-08,1998,France,Croatia,2,1,1,0.534,0.433,0.10100000000000003,0,W
1998-07-11,1998,Netherlands,Croatia,1,2,-1,0.536,0.433,0.10300000000000004,1,L
1998-07-12,1998,France,Brazil,3,0,3,0.534,0.661,-0.127,0,W
2002-05-31,2002,France,Senegal,0,1,-1,0.534,0.417,0.11700000000000005,1,L
2002-06-01,2002,Germany,Saudi Arabia,8,0,8,0.611,0.2,0.411,1,W
2002-06-01,2002,Republic of Ireland,Cameroon,1,1,0,0.154,0.192,-0.038000000000000006,1,D
2002-06-01,2002,Uruguay,Denmark,1,2,-1,0.417,0.391,0.025999999999999968,1,L
2002-06-02,2002,Argentina,Nigeria,1,0,1,0.534,0.286,0.24800000000000005,1,W
2002-06-02,2002,England,Sweden,1,1,0,0.432,0.385,0.046999999999999986,1,D
2002-06-02,2002,Paraguay,South Africa,2,2,0,0.25,0.2,0.04999999999999999,1,D
2002-06-02,2002,Spain,Slovenia,3,1,2,0.456,0.167,0.28900000000000003,1,W
2002-06-03,2002,Brazil,Turkey,2,1,1,0.661,0.455,0.20600000000000002,1,W
2002-06-03,2002,Croatia,Mexico,0,1,-1,0.433,0.295,0.138,1,L
2002-06-03,2002,Italy,Ecuador,2,0,2,0.542,0.357,0.18500000000000005,1,W
2002-06-04,2002,China,Costa Rica,0,2,-2,0.0,0.286,-0.286,1,L
2002-06-04,2002,Japan,Belgium,2,2,0,0.269,0.404,-0.135,0,D
2002-06-04,2002,South Korea,Poland,2,0,2,0.205,0.447,-0.24200000000000002,0,W
2002-06-05,2002,Germany,Republic of Ireland,1,1,0,0.611,0.154,0.45699999999999996,1,D
2002-06-05,2002,Russia,Tunisia,2,0,2,0.422,0.158,0.264,1,W
2002-06-05,2002,United States,Portugal,3,2,1,0.263,0.486,-0.22299999999999998,1,W
2002-06-06,2002,Cameroon,Saudi Arabia,1,0,1,0.192,0.2,-0.008000000000000007,1,W
2002-06-06,2002,Denmark,Senegal,1,1,0,0.391,0.417,-0.025999999999999968,1,D
2002-06-06,2002,France,Uruguay,0,0,0,0.534,0.417,0.11700000000000005,1,D
2002-06-07,2002,Argentina,England,0,1,-1,0.534,0.432,0.10200000000000004,1,L
2002-06-07,2002,Spain,Paraguay,3,1,2,0.456,0.25,0.20600000000000002,1,W
2002-06-07,2002,Sweden,Nigeria,2,1,1,0.385,0.286,0.09900000000000003,1,W
2002-06-08,2002,Brazil,China,4,0,4,0.661,0.0,0.661,1,W
2002-06-08,2002,Italy,Croatia,1,2,-1,0.542,0.433,0.10900000000000004,1,L
2002-06-08,2002,South Africa,Slovenia,1,0,1,0.2,0.167,0.033,1,W
2002-06-09,2002,Costa Rica,Turkey,1,1,0,0.286,0.455,-0.16900000000000004,1,D
2002-06-09,2002,Japan,Russia,1,0,1,0.269,0.422,-0.15299999999999997,0,W
2002-06-09,2002,Mexico,Ecuador,2,1,1,0.295,0.357,-0.062,1,W
2002-06-10,2002,South Korea,United States,1,1,0,0.205,0.263,-0.058000000000000024,0,D
2002-06-10,2002,Portugal,Poland,4,0,4,0.486,0.447,0.03899999999999998,1,W
2002-06-10,2002,Tunisia,Belgium,1,1,0,0.158,0.404,-0.24600000000000002,1,D
2002-06-11,2002,Cameroon,Germany,0,2,-2,0.192,0.611,-0.419,1,L
2002-06-11,2002,Denmark,France,2,0,2,0.391,0.534,-0.14300000000000002,1,W
2002-06-11,2002,Saudi Arabia,Republic of Ireland,0,3,-3,0.2,0.154,0.04600000000000001,1,L
2002-06-11,2002,Senegal,Uruguay,3,3,0,0.417,0.417,0.0,1,D
2002-06-12,2002,Nigeria,England,0,0,0,0.286,0.432,-0.14600000000000002,1,D
2002-06-12,2002,Slovenia,Paraguay,1,3,-2,0.167,0.25,-0.08299999999999999,1,L
2002-06-12,2002,South Africa,Spain,2,3,-1,0.2,0.456,-0.256,1,L
2002-06-12,2002,Sweden,Argentina,1,1,0,0.385,0.534,-0.14900000000000002,1,D
2002-06-13,2002,Costa Rica,Brazil,2,5,-3,0.286,0.661,-0.37500000000000006,1,L
2002-06-13,2002,Ecuador,Croatia,1,0,1,0.357,0.433,-0.07600000000000001,1,W
2002-06-13,2002,Mexico,Italy,1,1,0,0.295,0.542,-0.24700000000000005,1,D
2002-06-13,2002,Turkey,China,3,0,3,0.455,0.0,0.455,1,W
2002-06-14,2002,Belgium,Russia,3,2,1,0.404,0.422,-0.01799999999999996,1,W
2002-06-14,2002,Japan,Tunisia,2,0,2,0.269,0.158,0.11100000000000002,0,W
2002-06-14,2002,South Korea,Portugal,1,0,1,0.205,0.486,-0.281,0,W
2002-06-14,2002,Poland,United States,3,1,2,0.447,0.263,0.184,1,W
2002-06-15,2002,Denmark,England,0,3,-3,0.391,0.432,-0.04099999999999998,1,L
2002-06-15,2002,Germany,Paraguay,1,0,1,0.611,0.25,0.361,1,W
2002-06-16,2002,Spain,Republic of Ireland,1,1,0,0.456,0.154,0.30200000000000005,1,D
2002-06-16,2002,Sweden,Senegal,1,2,-1,0.385,0.417,-0.03199999999999997,1,L
2002-06-17,2002,Brazil,Belgium,2,0,2,0.661,0.404,0.257,1,W
2002-06-17,2002,Mexico,United States,0,2,-2,0.295,0.263,0.03199999999999997,1,L
2002-06-18,2002,Japan,Turkey,0,1,-1,0.269,0.455,-0.186,0,L
2002-06-18,2002,South Korea,Italy,2,1,1,0.205,0.542,-0.3370000000000001,0,W
2002-06-21,2002,England,Brazil,1,2,-1,0.432,0.661,-0.22900000000000004,1,L
2002-06-21,2002,Germany,United States,1,0,1,0.611,0.263,0.348,1,W
2002-06-22,2002,South Korea,Spain,0,0,0,0.205,0.456,-0.251,0,D
2002-06-22,2002,Senegal,Turkey,0,1,-1,0.417,0.455,-0.038000000000000034,1,L
2002-06-25,2002,South Korea,Germany,0,1,-1,0.205,0.611,-0.406,0,L
2002-06-26,2002,Brazil,Turkey,1,0,1,0.661,0.455,0.20600000000000002,1,W
2002-06-29,2002,South Korea,Turkey,2,3,-1,0.205,0.455,-0.25,0,L
2002-06-30,2002,Germany,Brazil,0,2,-2,0.611,0.661,-0.050000000000000044,1,L
2006-06-09,2006,Germany,Costa Rica,4,2,2,0.611,0.286,0.325,0,W
2006-06-09,2006,Poland,Ecuador,0,2,-2,0.447,0.357,0.09000000000000002,1,L
2006-06-10,2006,Argentina,Ivory Coast,2,1,1,0.534,0.4,0.134,1,W
2006-06-10,2006,England,Paraguay,1,0,1,0.432,0.25,0.182,1,W
2006-06-10,2006,Trinidad and Tobago,Sweden,0,0,0,0.0,0.385,-0.385,1,D
2006-06-11,2006,Angola,Portugal,0,1,-1,0.0,0.486,-0.486,1,L
2006-06-11,2006,Mexico,Iran,3,1,2,0.295,0.158,0.13699999999999998,1,W
2006-06-11,2006,Serbia,Netherlands,0,1,-1,0.25,0.536,-0.28600000000000003,1,L
2006-06-12,2006,Australia,Japan,3,1,2,0.238,0.269,-0.031000000000000028,1,W
2006-06-12,2006,Italy,Ghana,2,0,2,0.542,0.333,0.20900000000000002,1,W
2006-06-12,2006,United States,Czech Republic,0,3,-3,0.263,0.25,0.013000000000000012,1,L
2006-06-13,2006,Brazil,Croatia,1,0,1,0.661,0.433,0.22800000000000004,1,W
2006-06-13,2006,France,Switzerland,0,0,0,0.534,0.333,0.201,1,D
2006-06-13,2006,South Korea,Togo,2,1,1,0.205,0.0,0.205,1,W
2006-06-14,2006,Germany,Poland,1,0,1,0.611,0.447,0.16399999999999998,0,W
2006-06-14,2006,Spain,Ukraine,4,0,4,0.456,0.4,0.055999999999999994,1,W
2006-06-14,2006,Tunisia,Saudi Arabia,2,2,0,0.158,0.2,-0.04200000000000001,1,D
2006-06-15,2006,Ecuador,Costa Rica,3,0,3,0.357,0.286,0.07100000000000001,1,W
2006-06-15,2006,England,Trinidad and Tobago,2,0,2,0.432,0.0,0.432,1,W
2006-06-15,2006,Sweden,Paraguay,1,0,1,0.385,0.25,0.135,1,W
2006-06-16,2006,Argentina,Serbia,6,0,6,0.534,0.25,0.28400000000000003,1,W
2006-06-16,2006,Mexico,Angola,0,0,0,0.295,0.0,0.295,1,D
2006-06-16,2006,Netherlands,Ivory Coast,2,1,1,0.536,0.4,0.136,1,W
2006-06-17,2006,Czech Republic,Ghana,0,2,-2,0.25,0.333,-0.08300000000000002,1,L
2006-06-17,2006,Italy,United States,1,1,0,0.542,0.263,0.279,1,D
2006-06-17,2006,Portugal,Iran,2,0,2,0.486,0.158,0.32799999999999996,1,W
2006-06-18,2006,Brazil,Australia,2,0,2,0.661,0.238,0.42300000000000004,1,W
2006-06-18,2006,France,South Korea,1,1,0,0.534,0.205,0.32900000000000007,1,D
2006-06-18,2006,Japan,Croatia,0,0,0,0.269,0.433,-0.16399999999999998,1,D
2006-06-19,2006,Saudi Arabia,Ukraine,0,4,-4,0.2,0.4,-0.2,1,L
2006-06-19,2006,Spain,Tunisia,3,1,2,0.456,0.158,0.29800000000000004,1,W
2006-06-19,2006,Togo,Switzerland,0,2,-2,0.0,0.333,-0.333,1,L
2006-06-20,2006,Costa Rica,Poland,1,2,-1,0.286,0.447,-0.16100000000000003,1,L
2006-06-20,2006,Germany,Ecuador,3,0,3,0.611,0.357,0.254,0,W
2006-06-20,2006,Paraguay,Trinidad and Tobago,2,0,2,0.25,0.0,0.25,1,W
2006-06-20,2006,Sweden,England,2,2,0,0.385,0.432,-0.046999999999999986,1,D
2006-06-21,2006,Iran,Angola,1,1,0,0.158,0.0,0.158,1,D
2006-06-21,2006,Ivory Coast,Serbia,3,2,1,0.4,0.25,0.15000000000000002,1,W
2006-06-21,2006,Netherlands,Argentina,0,0,0,0.536,0.534,0.0020000000000000018,1,D
2006-06-21,2006,Portugal,Mexico,2,1,1,0.486,0.295,0.191,1,W
2006-06-22,2006,Croatia,Australia,2,2,0,0.433,0.238,0.195,1,D
2006-06-22,2006,Czech Republic,Italy,0,2,-2,0.25,0.542,-0.29200000000000004,1,L
2006-06-22,2006,Ghana,United States,2,1,1,0.333,0.263,0.07,1,W
2006-06-22,2006,Japan,Brazil,1,4,-3,0.269,0.661,-0.392,1,L
2006-06-23,2006,Saudi Arabia,Spain,0,1,-1,0.2,0.456,-0.256,1,L
2006-06-23,2006,Switzerland,South Korea,2,0,2,0.333,0.205,0.12800000000000003,1,W
2006-06-23,2006,Togo,France,0,2,-2,0.0,0.534,-0.534,1,L
2006-06-23,2006,Ukraine,Tunisia,1,0,1,0.4,0.158,0.24200000000000002,1,W
2006-06-24,2006,Argentina,Mexico,2,1,1,0.534,0.295,0.23900000000000005,1,W
2006-06-24,2006,Germany,Sweden,2,0,2,0.611,0.385,0.22599999999999998,0,W
2006-06-25,2006,England,Ecuador,1,0,1,0.432,0.357,0.07500000000000001,1,W
2006-06-25,2006,Portugal,Netherlands,1,0,1,0.486,0.536,-0.050000000000000044,1,W
2006-06-26,2006,Italy,Australia,1,0,1,0.542,0.238,0.30400000000000005,1,W
2006-06-26,2006,Switzerland,Ukraine,0,0,0,0.333,0.4,-0.067,1,D
2006-06-27,2006,Brazil,Ghana,3,0,3,0.661,0.333,0.328,1,W
2006-06-27,2006,Spain,France,1,3,-2,0.456,0.534,-0.07800000000000001,1,L
2006-06-30,2006,Germany,Argentina,1,1,0,0.611,0.534,0.07699999999999996,0,D
2006-06-30,2006,Italy,Ukraine,3,0,3,0.542,0.4,0.14200000000000002,1,W
2006-07-01,2006,Brazil,France,0,1,-1,0.661,0.534,0.127,1,L
2006-07-01,2006,England,Portugal,0,0,0,0.432,0.486,-0.05399999999999999,1,D
2006-07-04,2006,Germany,Italy,0,2,-2,0.611,0.542,0.06899999999999995,0,L
2006-07-05,2006,Portugal,France,0,1,-1,0.486,0.534,-0.04800000000000004,1,L
2006-07-08,2006,Germany,Portugal,3,1,2,0.611,0.486,0.125,0,W
2006-07-09,2006,Italy,France,1,1,0,0.542,0.534,0.008000000000000007,1,D
2010-06-11,2010,South Africa,Mexico,1,1,0,0.2,0.295,-0.09499999999999997,0,D
2010-06-11,2010,Uruguay,France,0,0,0,0.417,0.534,-0.11700000000000005,1,D
2010-06-12,2010,Argentina,Nigeria,1,0,1,0.534,0.286,0.24800000000000005,1,W
2010-06-12,2010,England,United States,1,1,0,0.432,0.263,0.16899999999999998,1,D
2010-06-12,2010,South Korea,Greece,2,0,2,0.205,0.2,0.004999999999999977,1,W
2010-06-13,2010,Algeria,Slovenia,0,1,-1,0.231,0.167,0.064,1,L
2010-06-13,2010,Germany,Australia,4,0,4,0.611,0.238,0.373,1,W
2010-06-13,2010,Serbia,Ghana,0,1,-1,0.25,0.333,-0.08300000000000002,1,L
2010-06-14,2010,Italy,Paraguay,1,1,0,0.542,0.25,0.29200000000000004,1,D
2010-06-14,2010,Japan,Cameroon,1,0,1,0.269,0.192,0.07700000000000001,1,W
2010-06-14,2010,Netherlands,Denmark,2,0,2,0.536,0.391,0.14500000000000002,1,W
2010-06-15,2010,Brazil,North Korea,2,1,1,0.661,0.143,0.518,1,W
2010-06-15,2010,Ivory Coast,Portugal,0,0,0,0.4,0.486,-0.08599999999999997,1,D
2010-06-15,2010,New Zealand,Slovakia,1,1,0,0.0,0.25,-0.25,1,D
2010-06-16,2010,Honduras,Chile,0,1,-1,0.0,0.333,-0.333,1,L
2010-06-16,2010,South Africa,Uruguay,0,3,-3,0.2,0.417,-0.21699999999999997,0,L
2010-06-16,2010,Spain,Switzerland,0,1,-1,0.456,0.333,0.123,1,L
2010-06-17,2010,Argentina,South Korea,4,1,3,0.534,0.205,0.32900000000000007,1,W
2010-06-17,2010,France,Mexico,0,2,-2,0.534,0.295,0.23900000000000005,1,L
2010-06-17,2010,Greece,Nigeria,2,1,1,0.2,0.286,-0.08599999999999997,1,W
2010-06-18,2010,England,Algeria,0,0,0,0.432,0.231,0.20099999999999998,1,D
2010-06-18,2010,Germany,Serbia,0,1,-1,0.611,0.25,0.361,1,L
2010-06-18,2010,Slovenia,United States,2,2,0,0.167,0.263,-0.096,1,D
2010-06-19,2010,Cameroon,Denmark,1,2,-1,0.192,0.391,-0.199,1,L
2010-06-19,2010,Ghana,Australia,1,1,0,0.333,0.238,0.09500000000000003,1,D
2010-06-19,2010,Netherlands,Japan,1,0,1,0.536,0.269,0.267,1,W
2010-06-20,2010,Brazil,Ivory Coast,3,1,2,0.661,0.4,0.261,1,W
2010-06-20,2010,Italy,New Zealand,1,1,0,0.542,0.0,0.542,1,D
2010-06-20,2010,Slovakia,Paraguay,0,2,-2,0.25,0.25,0.0,1,L
2010-06-21,2010,Chile,Switzerland,1,0,1,0.333,0.333,0.0,1,W
2010-06-21,2010,Portugal,North Korea,7,0,7,0.486,0.143,0.34299999999999997,1,W
2010-06-21,2010,Spain,Honduras,2,0,2,0.456,0.0,0.456,1,W
2010-06-22,2010,Greece,Argentina,0,2,-2,0.2,0.534,-0.334,1,L
2010-06-22,2010,Mexico,Uruguay,0,1,-1,0.295,0.417,-0.122,1,L
2010-06-22,2010,Nigeria,South Korea,2,2,0,0.286,0.205,0.08099999999999999,1,D
2010-06-22,2010,South Africa,France,2,1,1,0.2,0.534,-0.334,0,W
2010-06-23,2010,Australia,Serbia,2,1,1,0.238,0.25,-0.01200000000000001,1,W
2010-06-23,2010,Ghana,Germany,0,1,-1,0.333,0.611,-0.27799999999999997,1,L
2010-06-23,2010,Slovenia,England,0,1,-1,0.167,0.432,-0.265,1,L
2010-06-23,2010,United States,Algeria,1,0,1,0.263,0.231,0.032,1,W
2010-06-24,2010,Cameroon,Netherlands,1,2,-1,0.192,0.536,-0.34400000000000003,1,L
2010-06-24,2010,Denmark,Japan,1,3,-2,0.391,0.269,0.122,1,L
2010-06-24,2010,Paraguay,New Zealand,0,0,0,0.25,0.0,0.25,1,D
2010-06-24,2010,Slovakia,Italy,3,2,1,0.25,0.542,-0.29200000000000004,1,W
2010-06-25,2010,Chile,Spain,1,2,-1,0.333,0.456,-0.123,1,L
2010-06-25,2010,North Korea,Ivory Coast,0,3,-3,0.143,0.4,-0.257,1,L
2010-06-25,2010,Portugal,Brazil,0,0,0,0.486,0.661,-0.17500000000000004,1,D
2010-06-25,2010,Switzerland,Honduras,0,0,0,0.333,0.0,0.333,1,D
2010-06-26,2010,Uruguay,South Korea,2,1,1,0.417,0.205,0.212,1,W
2010-06-26,2010,United States,Ghana,1,2,-1,0.263,0.333,-0.07,1,L
2010-06-27,2010,Argentina,Mexico,3,1,2,0.534,0.295,0.23900000000000005,1,W
2010-06-27,2010,Germany,England,4,1,3,0.611,0.432,0.179,1,W
2010-06-28,2010,Brazil,Chile,3,0,3,0.661,0.333,0.328,1,W
2010-06-28,2010,Netherlands,Slovakia,2,1,1,0.536,0.25,0.28600000000000003,1,W
2010-06-29,2010,Paraguay,Japan,0,0,0,0.25,0.269,-0.019000000000000017,1,D
2010-06-29,2010,Spain,Portugal,1,0,1,0.456,0.486,-0.02999999999999997,1,W
2010-07-02,2010,Netherlands,Brazil,2,1,1,0.536,0.661,-0.125,1,W
2010-07-02,2010,Uruguay,Ghana,1,1,0,0.417,0.333,0.08399999999999996,1,D
2010-07-03,2010,Argentina,Germany,0,4,-4,0.534,0.611,-0.07699999999999996,1,L
2010-07-03,2010,Paraguay,Spain,0,1,-1,0.25,0.456,-0.20600000000000002,1,L
2010-07-06,2010,Uruguay,Netherlands,2,3,-1,0.417,0.536,-0.11900000000000005,1,L
2010-07-07,2010,Germany,Spain,0,1,-1,0.611,0.456,0.15499999999999997,1,L
2010-07-10,2010,Uruguay,Germany,2,3,-1,0.417,0.611,-0.194,1,L
2010-07-11,2010,Netherlands,Spain,0,1,-1,0.536,0.456,0.08000000000000002,1,L
2014-06-12,2014,Brazil,Croatia,3,1,2,0.661,0.433,0.22800000000000004,0,W
2014-06-13,2014,Chile,Australia,3,1,2,0.333,0.238,0.09500000000000003,1,W
2014-06-13,2014,Mexico,Cameroon,1,0,1,0.295,0.192,0.10299999999999998,1,W
2014-06-13,2014,Spain,Netherlands,1,5,-4,0.456,0.536,-0.08000000000000002,1,L
2014-06-14,2014,Colombia,Greece,3,0,3,0.409,0.2,0.20899999999999996,1,W
2014-06-14,2014,England,Italy,1,2,-1,0.432,0.542,-0.11000000000000004,1,L
2014-06-14,2014,Ivory Coast,Japan,2,1,1,0.4,0.269,0.131,1,W
2014-06-14,2014,Uruguay,Costa Rica,1,3,-2,0.417,0.286,0.131,1,L
2014-06-15,2014,Argentina,Bosnia and Herzegovina,2,1,1,0.534,0.25,0.28400000000000003,1,W
2014-06-15,2014,France,Honduras,3,0,3,0.534,0.0,0.534,1,W
2014-06-15,2014,Switzerland,Ecuador,2,1,1,0.333,0.357,-0.023999999999999966,1,W
2014-06-16,2014,Germany,Portugal,4,0,4,0.611,0.486,0.125,1,W
2014-06-16,2014,Ghana,United States,1,2,-1,0.333,0.263,0.07,1,L
2014-06-16,2014,Iran,Nigeria,0,0,0,0.158,0.286,-0.12799999999999997,1,D
2014-06-17,2014,Belgium,Algeria,2,1,1,0.404,0.231,0.17300000000000001,1,W
2014-06-17,2014,Brazil,Mexico,0,0,0,0.661,0.295,0.36600000000000005,0,D
2014-06-17,2014,Russia,South Korea,1,1,0,0.422,0.205,0.217,1,D
2014-06-18,2014,Australia,Netherlands,2,3,-1,0.238,0.536,-0.29800000000000004,1,L
2014-06-18,2014,Cameroon,Croatia,0,4,-4,0.192,0.433,-0.241,1,L
2014-06-18,2014,Spain,Chile,0,2,-2,0.456,0.333,0.123,1,L
2014-06-19,2014,Colombia,Ivory Coast,2,1,1,0.409,0.4,0.008999999999999952,1,W
2014-06-19,2014,Japan,Greece,0,0,0,0.269,0.2,0.069,1,D
2014-06-19,2014,Uruguay,England,2,1,1,0.417,0.432,-0.015000000000000013,1,W
2014-06-20,2014,Honduras,Ecuador,1,2,-1,0.0,0.357,-0.357,1,L
2014-06-20,2014,Italy,Costa Rica,0,1,-1,0.542,0.286,0.25600000000000006,1,L
2014-06-20,2014,Switzerland,France,2,5,-3,0.333,0.534,-0.201,1,L
2014-06-21,2014,Argentina,Iran,1,0,1,0.534,0.158,0.376,1,W
2014-06-21,2014,Germany,Ghana,2,2,0,0.611,0.333,0.27799999999999997,1,D
2014-06-21,2014,Nigeria,Bosnia and Herzegovina,1,0,1,0.286,0.25,0.035999999999999976,1,W
2014-06-22,2014,Belgium,Russia,1,0,1,0.404,0.422,-0.01799999999999996,1,W
2014-06-22,2014,South Korea,Algeria,2,4,-2,0.205,0.231,-0.026000000000000023,1,L
2014-06-22,2014,United States,Portugal,2,2,0,0.263,0.486,-0.22299999999999998,1,D
2014-06-23,2014,Australia,Spain,0,3,-3,0.238,0.456,-0.21800000000000003,1,L
2014-06-23,2014,Brazil,Cameroon,4,1,3,0.661,0.192,0.46900000000000003,0,W
2014-06-23,2014,Croatia,Mexico,1,3,-2,0.433,0.295,0.138,1,L
2014-06-23,2014,Netherlands,Chile,2,0,2,0.536,0.333,0.203,1,W
2014-06-24,2014,Costa Rica,England,0,0,0,0.286,0.432,-0.14600000000000002,1,D
2014-06-24,2014,Greece,Ivory Coast,2,1,1,0.2,0.4,-0.2,1,W
2014-06-24,2014,Italy,Uruguay,0,1,-1,0.542,0.417,0.12500000000000006,1,L
2014-06-24,2014,Japan,Colombia,1,4,-3,0.269,0.409,-0.13999999999999996,1,L
2014-06-25,2014,Bosnia and Herzegovina,Iran,3,1,2,0.25,0.158,0.092,1,W
2014-06-25,2014,Ecuador,France,0,0,0,0.357,0.534,-0.17700000000000005,1,D
2014-06-25,2014,Honduras,Switzerland,0,3,-3,0.0,0.333,-0.333,1,L
2014-06-25,2014,Nigeria,Argentina,2,3,-1,0.286,0.534,-0.24800000000000005,1,L
2014-06-26,2014,Algeria,Russia,1,1,0,0.231,0.422,-0.19099999999999998,1,D
2014-06-26,2014,South Korea,Belgium,0,1,-1,0.205,0.404,-0.19900000000000004,1,L
2014-06-26,2014,Portugal,Ghana,2,1,1,0.486,0.333,0.15299999999999997,1,W
2014-06-26,2014,United States,Germany,0,1,-1,0.263,0.611,-0.348,1,L
2014-06-28,2014,Brazil,Chile,1,1,0,0.661,0.333,0.328,0,D
2014-06-28,2014,Colombia,Uruguay,2,0,2,0.409,0.417,-0.008000000000000007,1,W
2014-06-29,2014,Costa Rica,Greece,1,1,0,0.286,0.2,0.08599999999999997,1,D
2014-06-29,2014,Netherlands,Mexico,2,1,1,0.536,0.295,0.24100000000000005,1,W
2014-06-30,2014,France,Nigeria,2,0,2,0.534,0.286,0.24800000000000005,1,W
2014-06-30,2014,Germany,Algeria,2,1,1,0.611,0.231,0.38,1,W
2014-07-01,2014,Argentina,Switzerland,1,0,1,0.534,0.333,0.201,1,W
2014-07-01,2014,Belgium,United States,2,1,1,0.404,0.263,0.14100000000000001,1,W
2014-07-04,2014,Brazil,Colombia,2,1,1,0.661,0.409,0.25200000000000006,0,W
2014-07-04,2014,France,Germany,0,1,-1,0.534,0.611,-0.07699999999999996,1,L
2014-07-05,2014,Argentina,Belgium,1,0,1,0.534,0.404,0.13,1,W
2014-07-05,2014,Netherlands,Costa Rica,0,0,0,0.536,0.286,0.25000000000000006,1,D
2014-07-08,2014,Brazil,Germany,1,7,-6,0.661,0.611,0.050000000000000044,0,L
2014-07-09,2014,Netherlands,Argentina,0,0,0,0.536,0.534,0.0020000000000000018,1,D
2014-07-12,2014,Brazil,Netherlands,0,3,-3,0.661,0.536,0.125,0,L
2014-07-13,2014,Germany,Argentina,1,0,1,0.611,0.534,0.07699999999999996,1,W
2018-06-14,2018,Russia,Saudi Arabia,5,0,5,0.422,0.2,0.22199999999999998,0,W
2018-06-15,2018,Egypt,Uruguay,0,1,-1,0.0,0.417,-0.417,1,L
2018-06-15,2018,Morocco,Iran,0,1,-1,0.208,0.158,0.04999999999999999,1,L
2018-06-15,2018,Portugal,Spain,3,3,0,0.486,0.456,0.02999999999999997,1,D
2018-06-16,2018,France,Australia,2,1,1,0.534,0.238,0.29600000000000004,1,W
2018-06-16,2018,Argentina,Iceland,1,1,0,0.534,0.0,0.534,1,D
2018-06-16,2018,Peru,Denmark,0,1,-1,0.278,0.391,-0.11299999999999999,1,L
2018-06-16,2018,Croatia,Nigeria,2,0,2,0.433,0.286,0.14700000000000002,1,W
2018-06-17,2018,Costa Rica,Serbia,0,1,-1,0.286,0.25,0.035999999999999976,1,L
2018-06-17,2018,Germany,Mexico,0,1,-1,0.611,0.295,0.316,1,L
2018-06-17,2018,Brazil,Switzerland,1,1,0,0.661,0.333,0.328,1,D
2018-06-18,2018,Sweden,South Korea,1,0,1,0.385,0.205,0.18000000000000002,1,W
2018-06-18,2018,Belgium,Panama,3,0,3,0.404,0.0,0.404,1,W
2018-06-18,2018,Tunisia,England,1,2,-1,0.158,0.432,-0.274,1,L
2018-06-19,2018,Colombia,Japan,1,2,-1,0.409,0.269,0.13999999999999996,1,L
2018-06-19,2018,Poland,Senegal,1,2,-1,0.447,0.417,0.030000000000000027,1,L
2018-06-19,2018,Russia,Egypt,3,1,2,0.422,0.0,0.422,0,W
2018-06-20,2018,Portugal,Morocco,1,0,1,0.486,0.208,0.278,1,W
2018-06-20,2018,Uruguay,Saudi Arabia,1,0,1,0.417,0.2,0.21699999999999997,1,W
2018-06-20,2018,Iran,Spain,0,1,-1,0.158,0.456,-0.29800000000000004,1,L
2018-06-21,2018,Denmark,Australia,1,1,0,0.391,0.238,0.15300000000000002,1,D
2018-06-21,2018,France,Peru,1,0,1,0.534,0.278,0.256,1,W
2018-06-21,2018,Argentina,Croatia,0,3,-3,0.534,0.433,0.10100000000000003,1,L
2018-06-22,2018,Brazil,Costa Rica,2,0,2,0.661,0.286,0.37500000000000006,1,W
2018-06-22,2018,Nigeria,Iceland,2,0,2,0.286,0.0,0.286,1,W
2018-06-22,2018,Serbia,Switzerland,1,2,-1,0.25,0.333,-0.08300000000000002,1,L
2018-06-23,2018,Belgium,Tunisia,5,2,3,0.404,0.158,0.24600000000000002,1,W
2018-06-23,2018,South Korea,Mexico,1,2,-1,0.205,0.295,-0.09,1,L
2018-06-23,2018,Germany,Sweden,2,1,1,0.611,0.385,0.22599999999999998,1,W
2018-06-24,2018,England,Panama,6,1,5,0.432,0.0,0.432,1,W
2018-06-24,2018,Japan,Senegal,2,2,0,0.269,0.417,-0.14799999999999996,1,D
2018-06-24,2018,Poland,Colombia,0,3,-3,0.447,0.409,0.038000000000000034,1,L
2018-06-25,2018,Russia,Uruguay,0,3,-3,0.422,0.417,0.0050000000000000044,0,L
2018-06-25,2018,Saudi Arabia,Egypt,2,1,1,0.2,0.0,0.2,1,W
2018-06-25,2018,Spain,Morocco,2,2,0,0.456,0.208,0.24800000000000003,1,D
2018-06-25,2018,Iran,Portugal,1,1,0,0.158,0.486,-0.32799999999999996,1,D
2018-06-26,2018,Australia,Peru,0,2,-2,0.238,0.278,-0.040000000000000036,1,L
2018-06-26,2018,Denmark,France,0,0,0,0.391,0.534,-0.14300000000000002,1,D
2018-06-26,2018,Nigeria,Argentina,1,2,-1,0.286,0.534,-0.24800000000000005,1,L
2018-06-26,2018,Iceland,Croatia,1,2,-1,0.0,0.433,-0.433,1,L
2018-06-27,2018,South Korea,Germany,2,0,2,0.205,0.611,-0.406,1,W
2018-06-27,2018,Mexico,Sweden,0,3,-3,0.295,0.385,-0.09000000000000002,1,L
2018-06-27,2018,Serbia,Brazil,0,2,-2,0.25,0.661,-0.41100000000000003,1,L
2018-06-27,2018,Switzerland,Costa Rica,2,2,0,0.333,0.286,0.04700000000000004,1,D
2018-06-28,2018,Japan,Poland,0,1,-1,0.269,0.447,-0.178,1,L
2018-06-28,2018,Senegal,Colombia,0,1,-1,0.417,0.409,0.008000000000000007,1,L
2018-06-28,2018,Panama,Tunisia,1,2,-1,0.0,0.158,-0.158,1,L
2018-06-28,2018,England,Belgium,0,1,-1,0.432,0.404,0.02799999999999997,1,L
2018-06-30,2018,France,Argentina,4,3,1,0.534,0.534,0.0,1,W
2018-06-30,2018,Uruguay,Portugal,2,1,1,0.417,0.486,-0.069,1,W
2018-07-01,2018,Russia,Spain,1,1,0,0.422,0.456,-0.03400000000000003,0,D
2018-07-01,2018,Croatia,Denmark,1,1,0,0.433,0.391,0.04199999999999998,1,D
2018-07-02,2018,Brazil,Mexico,2,0,2,0.661,0.295,0.36600000000000005,1,W
2018-07-02,2018,Belgium,Japan,3,2,1,0.404,0.269,0.135,1,W
2018-07-03,2018,Sweden,Switzerland,1,0,1,0.385,0.333,0.05199999999999999,1,W
2018-07-03,2018,Colombia,England,1,1,0,0.409,0.432,-0.02300000000000002,1,D
2018-07-06,2018,Uruguay,France,0,2,-2,0.417,0.534,-0.11700000000000005,1,L
2018-07-06,2018,Brazil,Belgium,1,2,-1,0.661,0.404,0.257,1,L
2018-07-07,2018,Sweden,England,0,2,-2,0.385,0.432,-0.046999999999999986,1,L
2018-07-07,2018,Russia,Croatia,2,2,0,0.422,0.433,-0.01100000000000001,0,D
2018-07-10,2018,France,Belgium,1,0,1,0.534,0.404,0.13,1,W
2018-07-11,2018,Croatia,England,2,1,1,0.433,0.432,0.0010000000000000009,1,W
2018-07-14,2018,Belgium,England,2,0,2,0.404,0.432,-0.02799999999999997,1,W
2018-07-15,2018,France,Croatia,4,2,2,0.534,0.433,0.10100000000000003,1,W
2022-11-20,2022,Qatar,Ecuador,0,2,-2,0.0,0.357,-0.357,0,L
2022-11-21,2022,Senegal,Netherlands,0,2,-2,0.417,0.536,-0.11900000000000005,1,L
2022-11-21,2022,England,Iran,6,2,4,0.432,0.158,0.274,1,W
2022-11-21,2022,United States,Wales,1,1,0,0.263,0.125,0.138,1,D
2022-11-22,2022,Argentina,Saudi Arabia,1,2,-1,0.534,0.2,0.334,1,L
2022-11-22,2022,Mexico,Poland,0,0,0,0.295,0.447,-0.15200000000000002,1,D
2022-11-22,2022,Denmark,Tunisia,0,0,0,0.391,0.158,0.233,1,D
2022-11-22,2022,France,Australia,4,1,3,0.534,0.238,0.29600000000000004,1,W
2022-11-23,2022,Germany,Japan,1,2,-1,0.611,0.269,0.34199999999999997,1,L
2022-11-23,2022,Spain,Costa Rica,7,0,7,0.456,0.286,0.17000000000000004,1,W
2022-11-23,2022,Morocco,Croatia,0,0,0,0.208,0.433,-0.225,1,D
2022-11-23,2022,Belgium,Canada,1,0,1,0.404,0.0,0.404,1,W
2022-11-24,2022,Switzerland,Cameroon,1,0,1,0.333,0.192,0.14100000000000001,1,W
2022-11-24,2022,Brazil,Serbia,2,0,2,0.661,0.25,0.41100000000000003,1,W
2022-11-24,2022,Uruguay,South Korea,0,0,0,0.417,0.205,0.212,1,D
2022-11-24,2022,Portugal,Ghana,3,2,1,0.486,0.333,0.15299999999999997,1,W
2022-11-25,2022,Qatar,Senegal,1,3,-2,0.0,0.417,-0.417,0,L
2022-11-25,2022,Netherlands,Ecuador,1,1,0,0.536,0.357,0.17900000000000005,1,D
2022-11-25,2022,Wales,Iran,0,2,-2,0.125,0.158,-0.033,1,L
2022-11-25,2022,England,United States,0,0,0,0.432,0.263,0.16899999999999998,1,D
2022-11-26,2022,Poland,Saudi Arabia,2,0,2,0.447,0.2,0.247,1,W
2022-11-26,2022,Argentina,Mexico,2,0,2,0.534,0.295,0.23900000000000005,1,W
2022-11-26,2022,Tunisia,Australia,0,1,-1,0.158,0.238,-0.07999999999999999,1,L
2022-11-26,2022,France,Denmark,2,1,1,0.534,0.391,0.14300000000000002,1,W
2022-11-27,2022,Japan,Costa Rica,0,1,-1,0.269,0.286,-0.01699999999999996,1,L
2022-11-27,2022,Spain,Germany,1,1,0,0.456,0.611,-0.15499999999999997,1,D
2022-11-27,2022,Belgium,Morocco,0,2,-2,0.404,0.208,0.19600000000000004,1,L
2022-11-27,2022,Croatia,Canada,4,1,3,0.433,0.0,0.433,1,W
2022-11-28,2022,Cameroon,Serbia,3,3,0,0.192,0.25,-0.057999999999999996,1,D
2022-11-28,2022,Brazil,Switzerland,1,0,1,0.661,0.333,0.328,1,W
2022-11-28,2022,South Korea,Ghana,2,3,-1,0.205,0.333,-0.12800000000000003,1,L
2022-11-28,2022,Portugal,Uruguay,2,0,2,0.486,0.417,0.069,1,W
2022-11-29,2022,Ecuador,Senegal,1,2,-1,0.357,0.417,-0.06,1,L
2022-11-29,2022,Qatar,Netherlands,0,2,-2,0.0,0.536,-0.536,0,L
2022-11-29,2022,Wales,England,0,3,-3,0.125,0.432,-0.307,1,L
2022-11-29,2022,Iran,United States,0,1,-1,0.158,0.263,-0.10500000000000001,1,L
2022-11-30,2022,Poland,Argentina,0,2,-2,0.447,0.534,-0.08700000000000002,1,L
2022-11-30,2022,Saudi Arabia,Mexico,1,2,-1,0.2,0.295,-0.09499999999999997,1,L
2022-11-30,2022,Australia,Denmark,1,0,1,0.238,0.391,-0.15300000000000002,1,W
2022-11-30,2022,Tunisia,France,1,0,1,0.158,0.534,-0.376,1,W
2022-12-01,2022,Japan,Spain,2,1,1,0.269,0.456,-0.187,1,W
2022-12-01,2022,Costa Rica,Germany,2,4,-2,0.286,0.611,-0.325,1,L
2022-12-01,2022,Croatia,Belgium,0,0,0,0.433,0.404,0.02899999999999997,1,D
2022-12-01,2022,Canada,Morocco,1,2,-1,0.0,0.208,-0.208,1,L
2022-12-02,2022,Serbia,Switzerland,2,3,-1,0.25,0.333,-0.08300000000000002,1,L
2022-12-02,2022,Cameroon,Brazil,1,0,1,0.192,0.661,-0.46900000000000003,1,W
2022-12-02,2022,Ghana,Uruguay,0,2,-2,0.333,0.417,-0.08399999999999996,1,L
2022-12-02,2022,South Korea,Portugal,2,1,1,0.205,0.486,-0.281,1,W
2022-12-03,2022,Netherlands,United States,3,1,2,0.536,0.263,0.273,1,W
2022-12-03,2022,Argentina,Australia,2,1,1,0.534,0.238,0.29600000000000004,1,W
2022-12-04,2022,France,Poland,3,1,2,0.534,0.447,0.08700000000000002,1,W
2022-12-04,2022,England,Senegal,3,0,3,0.432,0.417,0.015000000000000013,1,W
2022-12-05,2022,Japan,Croatia,1,1,0,0.269,0.433,-0.16399999999999998,1,D
2022-12-05,2022,Brazil,South Korea,4,1,3,0.661,0.205,0.45600000000000007,1,W
2022-12-06,2022,Morocco,Spain,0,0,0,0.208,0.456,-0.24800000000000003,1,D
2022-12-06,2022,Portugal,Switzerland,6,1,5,0.486,0.333,0.15299999999999997,1,W
2022-12-09,2022,Croatia,Brazil,1,1,0,0.433,0.661,-0.22800000000000004,1,D
2022-12-09,2022,Netherlands,Argentina,2,2,0,0.536,0.534,0.0020000000000000018,1,D
2022-12-10,2022,Morocco,Portugal,1,0,1,0.208,0.486,-0.278,1,W
2022-12-10,2022,England,France,1,2,-1,0.432,0.534,-0.10200000000000004,1,L
2022-12-13,2022,Argentina,Croatia,3,0,3,0.534,0.433,0.10100000000000003,1,W
2022-12-14,2022,France,Morocco,2,0,2,0.534,0.208,0.32600000000000007,1,W
2022-12-17,2022,Croatia,Morocco,2,1,1,0.433,0.208,0.225,1,W
2022-12-18,2022,Argentina,France,3,3,0,0.534,0.534,0.0,1,D
2026-06-11,2026,Mexico,South Africa,2,0,2,0.295,0.2,0.09499999999999997,0,W
2026-06-11,2026,South Korea,Czech Republic,2,1,1,0.205,0.25,-0.04500000000000001,1,W
2026-06-12,2026,Canada,Bosnia and Herzegovina,1,1,0,0.0,0.25,-0.25,0,D
2026-06-12,2026,United States,Paraguay,4,1,3,0.263,0.25,0.013000000000000012,0,W
2026-06-13,2026,Qatar,Switzerland,1,1,0,0.0,0.333,-0.333,1,D
2026-06-13,2026,Brazil,Morocco,1,1,0,0.661,0.208,0.45300000000000007,1,D
2026-06-13,2026,Haiti,Scotland,0,1,-1,0.0,0.208,-0.208,1,L
2026-06-13,2026,Australia,Turkey,2,0,2,0.238,0.455,-0.21700000000000003,1,W
2026-06-14,2026,Germany,Curaçao,7,1,6,0.611,0.0,0.611,1,W
2026-06-14,2026,Ivory Coast,Ecuador,1,0,1,0.4,0.357,0.04300000000000004,1,W
2026-06-14,2026,Netherlands,Japan,2,2,0,0.536,0.269,0.267,1,D
2026-06-14,2026,Sweden,Tunisia,5,1,4,0.385,0.158,0.227,1,W
2026-06-15,2026,Belgium,Egypt,1,1,0,0.404,0.0,0.404,1,D
2026-06-15,2026,Iran,New Zealand,2,2,0,0.158,0.0,0.158,1,D
2026-06-15,2026,Spain,Cape Verde,0,0,0,0.456,0.0,0.456,1,D
2026-06-15,2026,Saudi Arabia,Uruguay,1,1,0,0.2,0.417,-0.21699999999999997,1,D
